[20:33:11] [main/INFO]: Loading Minecraft 1.21.1 with Fabric Loader 0.19.3
[20:33:12] [main/WARN]: Warnings were found!
 - Mod 'Dynamic FPS' (dynamic_fps) 3.11.4 đề xuất bất kỳ phiên bản trên modmenu, cái này còn thiếu!
	 - Bạn nên cài đặt bất kỳ phiên bản/modmenu để có trải nghiệm tối ưu.
 - Mod 'Simply Swords' (simplyswords) 1.63.0-1.21.1 đề xuất phiên bản 1.0.0 trở lên trên oracle_index, cái này còn thiếu!
	 - Bạn nên cài đặt phiên bản 1.0.0 trở lên/oracle_index để có trải nghiệm tối ưu.
[20:33:12] [main/INFO]: Loading 219 mods:
	- alternate-current 1.9.0
	- ambientsounds 6.3.8
	- architectury 13.0.8
	- balm 21.0.63
	   \-- kuma_api 21.0.8
	- bclib 21.0.13
	- bettercombat 2.4.0+1.21.1
	   \-- tiny_config 3.1.0
	- betterfortresses 1.21.1-Fabric-3.1.5
	   \-- org_reflections_reflections 0.10.2
	- betterstrongholds 1.21.1-Fabric-5.1.3
	   \-- org_reflections_reflections 0.10.2
	- bosses_of_mass_destruction 1.10.2-1.21.1
	   \-- multipart_entities 1.7-1.21
	- cardinal-components 6.1.3
	   |-- cardinal-components-base 6.1.3
	   |-- cardinal-components-block 6.1.3
	   |-- cardinal-components-chunk 6.1.3
	   |-- cardinal-components-entity 6.1.3
	   |-- cardinal-components-item 6.1.3
	   |-- cardinal-components-level 6.1.3
	   |-- cardinal-components-scoreboard 6.1.3
	   \-- cardinal-components-world 6.1.3
	- clumps 19.0.0.1
	- cobbled_counter 1.7.3-fabric-1.9.0
	- cobbledex 1.2.0
	- cobblemon 1.7.3+1.21.1
	- cobblemon_quests-reloaded 1.3.5
	- cobblemonbreakouts 1.0.0-1.21.1-fabric
	- cobblemonextrastructures 1.3.0
	- cobblemontrainerbattle 1.11.12+1.7.3
	- cobbreeding 2.2.2
	- comforts 9.0.5+1.21.1
	   \-- spectrelib 0.17.2+1.21
	        |-- com_electronwill_night-config_core 3.8.0
	        \-- com_electronwill_night-config_toml 3.8.0
	- continuity 3.0.0+1.21
	- creativecore 2.13.39
	   \-- net_neoforged_bus 7.2.0
	- ctov 3.6.3
	   \-- cloth-config 15.0.140
	        \-- cloth-basic-math 0.6.1
	- dynamic_fps 3.11.4
	   \-- net_lostluma_battery 2.0.0
	- effective 2.4.8-1.21.1
	   |-- satin 2.0.0
	   \-- veil 1.0.0.85
	        |-- gg_moonflower_molang-compiler 3.1.1.19
	        |-- io_github_spair_imgui-java-binding 1.86.11
	        |-- io_github_spair_imgui-java-lwjgl3 1.86.11
	        |-- io_github_spair_imgui-java-natives-linux 1.86.11
	        |-- io_github_spair_imgui-java-natives-macos-ft 1.86.11
	        |-- io_github_spair_imgui-java-natives-windows 1.86.11
	        |-- org_lwjgl_lwjgl-opencl 3.3.3
	        |-- org_lwjgl_lwjgl-shaderc 3.3.3
	        |-- org_lwjgl_lwjgl-shaderc_natives-linux 3.3.3
	        |-- org_lwjgl_lwjgl-shaderc_natives-linux-arm64 3.3.3
	        |-- org_lwjgl_lwjgl-shaderc_natives-macos 3.3.3
	        |-- org_lwjgl_lwjgl-shaderc_natives-macos-arm64 3.3.3
	        |-- org_lwjgl_lwjgl-shaderc_natives-windows 3.3.3
	        \-- org_lwjgl_lwjgl-shaderc_natives-windows-arm64 3.3.3
	- emi 1.1.24+1.21.1+fabric
	- entityculling 1.10.5
	   |-- transition 1.0.21
	   \-- trender 1.0.15
	- explorify 1.6.5
	- fabric-api 0.116.14+1.21.1
	   |-- fabric-api-base 0.4.42+6573ed8c19
	   |-- fabric-api-lookup-api-v1 1.6.72+7b3d111d19
	   |-- fabric-biome-api-v1 13.0.31+d527f9fd19
	   |-- fabric-block-api-v1 1.1.0+0bc3503219
	   |-- fabric-block-view-api-v2 1.0.11+ebb2264e19
	   |-- fabric-blockrenderlayer-v1 1.1.52+0af3f5a719
	   |-- fabric-client-tags-api-v1 1.2.0+1eb36c0719
	   |-- fabric-command-api-v1 1.2.49+f71b366f19
	   |-- fabric-command-api-v2 2.2.28+6ced4dd919
	   |-- fabric-commands-v0 0.2.66+df3654b319
	   |-- fabric-content-registries-v0 8.0.19+b559734419
	   |-- fabric-convention-tags-v1 2.1.7+7f945d5b19
	   |-- fabric-convention-tags-v2 2.12.0+c3656daa19
	   |-- fabric-crash-report-info-v1 0.2.29+0af3f5a719
	   |-- fabric-data-attachment-api-v1 1.4.7+5b36e0f719
	   |-- fabric-data-generation-api-v1 20.3.0+1eb36c0719
	   |-- fabric-dimensions-v1 4.0.1+65213ef819
	   |-- fabric-entity-events-v1 1.8.0+2b27e0a419
	   |-- fabric-events-interaction-v0 0.7.14+ba9dae0619
	   |-- fabric-game-rule-api-v1 1.0.53+6ced4dd919
	   |-- fabric-item-api-v1 11.2.0+3b3cb2e819
	   |-- fabric-item-group-api-v1 4.1.7+def88e3a19
	   |-- fabric-key-binding-api-v1 1.0.47+0af3f5a719
	   |-- fabric-keybindings-v0 0.2.45+df3654b319
	   |-- fabric-lifecycle-events-v1 2.6.0+0865547519
	   |-- fabric-loot-api-v2 3.0.15+3f89f5a519
	   |-- fabric-loot-api-v3 1.0.3+3f89f5a519
	   |-- fabric-message-api-v1 6.0.14+8aaf3aca19
	   |-- fabric-model-loading-api-v1 2.1.0+b4d813fc19
	   |-- fabric-networking-api-v1 4.3.1+d30f6a7919
	   |-- fabric-object-builder-api-v1 15.2.1+40875a9319
	   |-- fabric-particles-v1 4.0.2+6573ed8c19
	   |-- fabric-recipe-api-v1 5.0.16+2475392c19
	   |-- fabric-registry-sync-v0 5.3.2+e3eddc2119
	   |-- fabric-renderer-api-v1 3.4.1+b4d813fc19
	   |-- fabric-renderer-indigo 1.7.1+c705a49c19
	   |-- fabric-renderer-registries-v1 3.2.69+df3654b319
	   |-- fabric-rendering-data-attachment-v1 0.3.49+73761d2e19
	   |-- fabric-rendering-fluids-v1 3.1.6+1daea21519
	   |-- fabric-rendering-v0 1.1.72+df3654b319
	   |-- fabric-rendering-v1 5.1.0+ab4c25a019
	   |-- fabric-resource-conditions-api-v1 4.3.0+8dc279b119
	   |-- fabric-resource-loader-v0 1.3.1+5b5275af19
	   |-- fabric-screen-api-v1 2.0.26+639b4c0719
	   |-- fabric-screen-handler-api-v1 1.3.91+b559734419
	   |-- fabric-sound-api-v1 1.0.23+6573ed8c19
	   |-- fabric-tag-api-v1 1.3.0+1eb36c0719
	   |-- fabric-transfer-api-v1 5.4.4+7b3d111d19
	   \-- fabric-transitive-access-wideners-v1 6.2.0+45b9699719
	- fabric-language-kotlin 1.13.13+kotlin.2.4.10
	   |-- org_jetbrains_kotlin_kotlin-reflect 2.4.10
	   |-- org_jetbrains_kotlin_kotlin-stdlib 2.4.10
	   |-- org_jetbrains_kotlin_kotlin-stdlib-jdk7 2.4.10
	   |-- org_jetbrains_kotlin_kotlin-stdlib-jdk8 2.4.10
	   |-- org_jetbrains_kotlinx_atomicfu-jvm 0.33.0
	   |-- org_jetbrains_kotlinx_kotlinx-coroutines-core-jvm 1.11.0
	   |-- org_jetbrains_kotlinx_kotlinx-coroutines-jdk8 1.11.0
	   |-- org_jetbrains_kotlinx_kotlinx-datetime-jvm 0.8.0
	   |-- org_jetbrains_kotlinx_kotlinx-io-bytestring-jvm 0.9.1
	   |-- org_jetbrains_kotlinx_kotlinx-io-core-jvm 0.9.1
	   |-- org_jetbrains_kotlinx_kotlinx-serialization-cbor-jvm 1.11.0
	   |-- org_jetbrains_kotlinx_kotlinx-serialization-core-jvm 1.11.0
	   \-- org_jetbrains_kotlinx_kotlinx-serialization-json-jvm 1.11.0
	- fabricloader 0.19.3
	   \-- mixinextras 0.5.4
	- fastquit 3.0.0+1.20.6
	- ferritecore 7.0.3
	- ftblibrary 2101.1.33
	- ftbquests 2101.1.27
	   \-- team_reborn_energy 4.1.0
	- ftbteams 2101.1.10
	- fzzy_config 0.7.6+1.21
	   |-- blue_endless_jankson 1.2.3
	   |-- fabric-permissions-api-v0 0.3.1
	   \-- net_peanuuutz_tomlkt_tomlkt-jvm 0.3.7
	- geckolib 4.9.2
	- immediatelyfast 1.6.11+1.21.1
	   \-- net_lenni0451_reflect 1.6.2
	- incendium 5.4.3
	- inventoryprofilesnext 2.2.6
	- iris 1.8.8+mc1.21.1
	   |-- io_github_douira_glsl-transformer 2.0.1
	   |-- org_anarres_jcpp 1.4.14
	   \-- org_antlr_antlr4-runtime 4.13.1
	- jade 15.10.5+fabric
	- java 21
	- krypton 0.2.8
	   \-- com_velocitypowered_velocity-native 3.3.0-SNAPSHOT
	- libipn 6.6.3
	- lithium 0.15.4+mc1.21.1
	- lithostitched 1.7.13
	- lootr 1.21.1-1.11.37.122
	- map_atlases 1.21-6.6.3
	- midnightlib 1.9.3
	- minecraft 1.21.1
	- modernfix 5.25.1+mc1.21.1
	- moonlight 1.21.1-3.1.1
	   \-- codecui 1.21.1-1.1.5
	- moreculling 1.0.8
	   |-- conditional-mixin 0.6.3
	   \-- mixinsquared 0.2.0
	- mousetweaks 2.26
	- mr_dungeons_andtaverns 1-v4.4.4
	- naturescompass 1.21.1-2.6.0-fabric
	- noisium 2.3.0+mc1.21-1.21.1
	- nullscape 1.2.14
	- playeranimator 2.0.4+1.21.1
	- presencefootsteps 1.11.2+1.21
	   \-- kirin 1.20.0+1.21
	- repurposed_structures 7.5.21+1.21.1-fabric
	- rgs 1.21
	- roughlyenoughitems 16.0.799
	   \-- error_notifier 1.0.11
	- simplyswords 1.63.0-1.21.1
	- simplytooltips 0.1.3
	- sodium 0.6.13+mc1.21.1
	- sound_physics_remastered 1.21.1-1.5.1
	- spark 1.10.109
	   \-- fabric-permissions-api-v0 0.3.1
	- structory 1.3.17
	- structory_towers 1.0.17
	- tectonic 3.0.26
	   \-- apollib 1.1.4
	        \-- de_marhali_json5-java 3.0.0
	- terrablender 4.1.0.8
	- terralith 2.6.2
	- tiered 1.0.12
	- tim_core 1.7.3-fabric-1.32.0
	- travelersbackpack 10.1.36
	- unionlib 12.2
	   |-- com_google_code_findbugs_jsr305 3.0.2
	   |-- org_checkerframework_checker-qual 3.21.2
	   \-- org_tomlj_tomlj 1.1.1
	- waystones 21.1.37
	- wover 21.0.13
	   |-- wover-biome 21.0.13
	   |-- wover-block 21.0.13
	   |-- wover-common 21.0.13
	   |-- wover-core 21.0.13
	   |-- wover-datagen 21.0.13
	   |-- wover-events 21.0.13
	   |-- wover-feature 21.0.13
	   |-- wover-generator 21.0.13
	   |-- wover-item 21.0.13
	   |-- wover-math 21.0.13
	   |-- wover-preset 21.0.13
	   |-- wover-recipe 21.0.13
	   |-- wover-structure 21.0.13
	   |-- wover-surface 21.0.13
	   |-- wover-tag 21.0.13
	   \-- wover-ui 21.0.13
	- wunderlib 21.0.8
	- yungsapi 1.21.1-Fabric-5.1.6
	   |-- org_javassist_javassist 3.29.2-GA
	   \-- org_reflections_reflections 0.10.2
[20:33:12] [main/INFO]: SpongePowered MIXIN Subsystem Version=0.8.7 Source=file:/home/huydoctai/.minecraft/libraries/net/fabricmc/sponge-mixin/0.17.3+mixin.0.8.7/sponge-mixin-0.17.3+mixin.0.8.7.jar Service=Knot/Fabric Env=CLIENT
[20:33:12] [main/INFO]: Compatibility level set to JAVA_16
[20:33:12] [main/INFO]: Compatibility level set to JAVA_21
[20:33:13] [main/WARN]: Reference map '[common]ctov-common-refmap.json' for ctov-common.mixins.json could not be read. If this is a development environment you can ignore this message
[20:33:13] [main/WARN]: Reference map 'geckolib.refmap.json' for geckolib.mixins.json could not be read. If this is a development environment you can ignore this message
[20:33:13] [main/INFO]: Option 'mixin.entity.collisions.fluid' requires 'mixin.util.block_tracking=true' but found 'false'. Setting 'mixin.entity.collisions.fluid=false'.
[20:33:13] [main/INFO]: Option 'mixin.experimental.entity.block_caching.block_support' requires 'mixin.util.block_tracking=true' but found 'false'. Setting 'mixin.experimental.entity.block_caching.block_support=false'.
[20:33:13] [main/INFO]: Option 'mixin.experimental.entity.block_caching.fluid_pushing' requires 'mixin.util.block_tracking=true' but found 'false'. Setting 'mixin.experimental.entity.block_caching.fluid_pushing=false'.
[20:33:13] [main/INFO]: Option 'mixin.experimental.entity.block_caching.block_touching' requires 'mixin.util.block_tracking=true' but found 'false'. Setting 'mixin.experimental.entity.block_caching.block_touching=false'.
[20:33:13] [main/INFO]: Option 'mixin.experimental.entity.block_caching.suffocation' requires 'mixin.util.block_tracking=true' but found 'false'. Setting 'mixin.experimental.entity.block_caching.suffocation=false'.
[20:33:13] [main/INFO]: Option 'mixin.experimental.entity.block_caching' requires 'mixin.util.block_tracking=true' but found 'false'. Setting 'mixin.experimental.entity.block_caching=false'.
[20:33:13] [main/INFO]: Loaded configuration file for Lithium: 150 options available, 0 override(s) found
[20:33:13] [main/INFO]: Loaded configuration file for ModernFix 5.25.1+mc1.21.1: 65 options available, 0 override(s) found
[20:33:13] [main/INFO]: Applying Nashorn fix
[20:33:13] [main/INFO]: Configuring Minecraft's max.bg.threads option with 1 threads
[20:33:13] [main/WARN]: Reference map 'moreculling.refmap.json' for moreculling.mixins.json could not be read. If this is a development environment you can ignore this message
[20:33:13] [main/WARN]: Reference map 'moreculling.refmap.json' for moreculling.fabric.mixins.json could not be read. If this is a development environment you can ignore this message
[20:33:13] [main/WARN]: [Satin] Iris is present, custom block renders will not work
[20:33:13] [main/INFO]: Loaded configuration file for Sodium: 43 options available, 1 override(s) found
[20:33:13] [main/WARN]: Reference map 'tiny_config-common-common-refmap.json' for tiny_config.mixins.json could not be read. If this is a development environment you can ignore this message
[20:33:13] [main/WARN]: Reference map 'waystones.refmap.json' for waystones.mixins.json could not be read. If this is a development environment you can ignore this message
[20:33:13] [main/WARN]: Reference map 'waystones.refmap.json' for waystones.fabric.mixins.json could not be read. If this is a development environment you can ignore this message
[20:33:14] [main/WARN]: Error loading class: juuxel/adorn/block/variant/BlockVariantSets (java.lang.ClassNotFoundException: juuxel/adorn/block/variant/BlockVariantSets)
[20:33:14] [main/WARN]: @Mixin target juuxel.adorn.block.variant.BlockVariantSets was not found mixins.cobblemon-common.json:invoker.AdornRegisterInvoker from mod cobblemon
[20:33:14] [main/WARN]: Error loading class: com/github/yajatkaul/mega_showdown/gimmick/MegaGimmick (java.lang.ClassNotFoundException: com/github/yajatkaul/mega_showdown/gimmick/MegaGimmick)
[20:33:14] [main/WARN]: @Mixin target com.github.yajatkaul.mega_showdown.gimmick.MegaGimmick was not found cobblemon_quests.mixins.json:MegaEvolutionMixin from mod cobblemon_quests-reloaded
[20:33:14] [main/WARN]: Error loading class: mezz/jei/library/load/PluginCaller (java.lang.ClassNotFoundException: mezz/jei/library/load/PluginCaller)
[20:33:14] [main/WARN]: Error loading class: com/supermartijn642/core/gui/WidgetContainerScreen (java.lang.ClassNotFoundException: com/supermartijn642/core/gui/WidgetContainerScreen)
[20:33:14] [main/WARN]: @Mixin target com.supermartijn642.core.gui.WidgetContainerScreen was not found mixins.ipnext.json:MixinSuperMartiJnWidgetScreen from mod inventoryprofilesnext
[20:33:14] [main/WARN]: Error loading class: dev/isxander/controlify/virtualmouse/VirtualMouseHandler (java.lang.ClassNotFoundException: dev/isxander/controlify/virtualmouse/VirtualMouseHandler)
[20:33:14] [main/WARN]: @Mixin target dev.isxander.controlify.virtualmouse.VirtualMouseHandler was not found mixins.ipnext.json:MixinVirtualMouseHandler from mod inventoryprofilesnext
[20:33:14] [main/WARN]: Error loading class: com/simibubi/create/content/schematics/SchematicPrinter (java.lang.ClassNotFoundException: com/simibubi/create/content/schematics/SchematicPrinter)
[20:33:14] [main/WARN]: Error loading class: twilightforest/network/MagicMapPacket$1 (java.lang.ClassNotFoundException: twilightforest/network/MagicMapPacket$1)
[20:33:14] [main/WARN]: Error loading class: twilightforest/network/MagicMapPacket (java.lang.ClassNotFoundException: twilightforest/network/MagicMapPacket)
[20:33:14] [main/WARN]: Error loading class: twilightforest/network/MazeMapPacket$1 (java.lang.ClassNotFoundException: twilightforest/network/MazeMapPacket$1)
[20:33:14] [main/WARN]: Error loading class: twilightforest/network/MazeMapPacket (java.lang.ClassNotFoundException: twilightforest/network/MazeMapPacket)
[20:33:14] [main/WARN]: Error loading class: twilightforest/client/renderer/map/MagicMapPlayerIconRenderer (java.lang.ClassNotFoundException: twilightforest/client/renderer/map/MagicMapPlayerIconRenderer)
[20:33:15] [main/WARN]: Force-disabling mixin 'features.render.world.sky.FogRendererMixin' as rule 'mixin.features.render.world.sky' (added by mods [iris]) disables it and children
[20:33:15] [main/WARN]: Force-disabling mixin 'features.render.world.sky.ClientLevelMixin' as rule 'mixin.features.render.world.sky' (added by mods [iris]) disables it and children
[20:33:15] [main/WARN]: Force-disabling mixin 'features.render.world.sky.LevelRendererMixin' as rule 'mixin.features.render.world.sky' (added by mods [iris]) disables it and children
[20:33:15] [main/INFO]: Searching for graphics cards...
[20:33:15] [main/INFO]: Found graphics adapter: LinuxPciAdapterInfo[vendor=INTEL, name=Kaby Lake-U GT2 [HD Graphics 620], pciVendorId=0x8086, pciDeviceId=0x5916]
[20:33:15] [main/INFO]: Initializing MixinExtras via com.llamalad7.mixinextras.service.MixinExtrasServiceImpl(version=0.5.4).
[20:33:18] [main/WARN]: @Final field field_22786:Ljava/util/List; in mixins.ipnext.json:MixinScreen from mod inventoryprofilesnext should be final
[20:33:18] [main/WARN]: @Final field field_33815:Ljava/util/List; in mixins.ipnext.json:MixinScreen from mod inventoryprofilesnext should be final
[20:33:18] [Datafixer Bootstrap/INFO]: 226 Datafixer optimizations took 645 milliseconds
[20:33:21] [main/WARN]: Method overwrite conflict for method_21740 in modernfix-common.mixins.json:perf.remove_biome_temperature_cache.BiomeMixin from mod modernfix, previously written by net.caffeinemc.mods.lithium.mixin.world.temperature_cache.BiomeMixin. Skipping method.
[20:33:23] [main/WARN]: @Final field field_13360:Lnet/minecraft/class_2347; in unionlib.mixins.json:BoatDispenseItemBehaviorMixin from mod unionlib should be final
[20:33:25] [main/INFO]: Vanilla bootstrap took 6826 milliseconds
[20:33:25] [Render thread/WARN]: @Inject(@At("INVOKE")) Shift.BY=2 on travelersbackpack.mixins.json:AbstractContainerScreenMixin from mod travelersbackpack::handler$fcd000$travelersbackpack$mouseClicked exceeds the maximum allowed value: 0. Increase the value of maxShiftBy to suppress this warning.
[20:33:25] [Render thread/INFO]: Environment: Environment[sessionHost=https://account.ely.by/api/authlib-injector/sessionserver, servicesHost=https://account.ely.by/api/mojang/services, name=ELY]
[20:33:25] [Render thread/INFO]: Setting user: huydarking
[20:33:26] [Render thread/INFO]: Mod proxy balm:permissions resolved as net.blay09.mods.balm.fabric.compat.FabricPermissionsAPIIntegration@3bb782e8
[20:33:26] [Render thread/INFO]: Reflections took 64 ms to scan 1 urls, producing 1 keys and 1 values
[20:33:26] [Render thread/INFO]: Reflections took 2 ms to scan 1 urls, producing 1 keys and 1 values
[20:33:26] [Render thread/INFO]: Reflections took 2 ms to scan 1 urls, producing 1 keys and 3 values
[20:33:26] [Render thread/INFO]: Reflections took 2 ms to scan 1 urls, producing 1 keys and 3 values
[20:33:27] [Render thread/INFO]: Initializing Cobbledex 1.2.0...
[20:33:27] [Render thread/INFO]: Booting LaxPermissionValidator, permissions will be checked using Minecrafts permission level system, see https://minecraft.fandom.com/wiki/Permission_level
[20:33:27] [Render thread/INFO]: Launching Cobblemon 1.7.3 
[20:33:27] [Render thread/INFO]: Booting FabricPermissionValidator, permissions will be checked using fabric-permissions-api, see https://github.com/lucko/fabric-permissions-api
[20:33:28] [Render thread/ERROR]: No data fixer registered for cobblemon:pokemon
[20:33:28] [Render thread/ERROR]: No data fixer registered for cobblemon:empty_pokeball
[20:33:28] [Render thread/ERROR]: No data fixer registered for cobblemon:boat
[20:33:28] [Render thread/ERROR]: No data fixer registered for cobblemon:chest_boat
[20:33:28] [Render thread/ERROR]: No data fixer registered for cobblemon:poke_bobber
[20:33:28] [Render thread/ERROR]: No data fixer registered for cobblemon:generic_bedrock
[20:33:28] [Render thread/ERROR]: No data fixer registered for cobblemon:npc
[20:33:29] [Render thread/INFO]: Starting the Best Spawner...
[20:33:29] [Render thread/INFO]: Loaded 7 spawning condition types.
[20:33:29] [Render thread/INFO]: Loaded 6 spawnable position types.
[20:33:29] [Render thread/INFO]: Loaded 3 spawn detail types.
[20:33:29] [Cobblemon Showdown/INFO]: Starting showdown service...
[20:33:31] [Cobblemon Showdown/INFO]: Showdown has been started!
[20:33:31] [Render thread/INFO]: Note: Cobblemon data registries are only loaded once per server instance as Pokémon species are not safe to reload.
[20:33:31] [Render thread/INFO]: Registered the cobblemon:molang registry
[20:33:31] [Render thread/INFO]: Registered the cobblemon:species_features registry
[20:33:31] [Render thread/INFO]: Registered the cobblemon:global_species_features registry
[20:33:31] [Render thread/INFO]: Registered the cobblemon:species_feature_assignments registry
[20:33:31] [Render thread/INFO]: Registered the cobblemon:action_effects registry
[20:33:31] [Render thread/INFO]: Registered the cobblemon:moves registry
[20:33:31] [Render thread/INFO]: Registered the cobblemon:abilities registry
[20:33:31] [Render thread/INFO]: Registered the cobblemon:behaviours registry
[20:33:31] [Render thread/INFO]: Registered the cobblemon:species registry
[20:33:31] [Render thread/INFO]: Registered the cobblemon:species_additions registry
[20:33:31] [Render thread/INFO]: Registered the cobblemon:pokeballs registry
[20:33:31] [Render thread/INFO]: Registered the cobblemon:properties_tab_completion registry
[20:33:31] [Render thread/INFO]: Registered the cobblemon:spawn_detail_presets registry
[20:33:31] [Render thread/INFO]: Registered the cobblemon:spawn_rules registry
[20:33:31] [Render thread/INFO]: Registered the cobblemon:mechanics registry
[20:33:31] [Render thread/INFO]: Registered the cobblemon:bag_items registry
[20:33:31] [Render thread/INFO]: Registered the cobblemon:held_items registry
[20:33:31] [Render thread/INFO]: Registered the cobblemon:dialogues registry
[20:33:31] [Render thread/INFO]: Registered the cobblemon:natural_materials registry
[20:33:31] [Render thread/INFO]: Registered the cobblemon:fossils registry
[20:33:31] [Render thread/INFO]: Registered the cobblemon:npc_preset registry
[20:33:31] [Render thread/INFO]: Registered the cobblemon:npc registry
[20:33:31] [Render thread/INFO]: Registered the cobblemon:dex_entries registry
[20:33:31] [Render thread/INFO]: Registered the cobblemon:dex_entry_additions registry
[20:33:32] [Render thread/INFO]: Registered the cobblemon:dexes registry
[20:33:32] [Render thread/INFO]: Registered the cobblemon:dex_additions registry
[20:33:32] [Render thread/INFO]: Registered the cobblemon:cosmetic_items registry
[20:33:32] [Render thread/INFO]: Registered the cobblemon:callbacks registry
[20:33:32] [Render thread/INFO]: Registered the cobblemon:unlockable_pc_box_wallpapers registry
[20:33:32] [Render thread/INFO]: Registered the cobblemon:marks registry
[20:33:32] [Render thread/INFO]: Registered the cobblemon:starters registry
[20:33:32] [Render thread/INFO]: Registered the cobblemon:spawn_pool_world registry
[20:33:32] [Render thread/INFO]: Registered the cobblemon:pokerods registry
[20:33:32] [Render thread/INFO]: Registered the cobblemon:berries registry
[20:33:32] [Render thread/INFO]: Registered the cobblemon:seasonings registry
[20:33:32] [Render thread/INFO]: Registered the cobblemon:pokemon_interactions registry
[20:33:32] [Render thread/INFO]: Registered the cobblemon:spawn_bait_effects registry
[20:33:32] [Render thread/INFO]: Registered the cobblemon:ride_settings registry
[20:33:32] [Render thread/INFO]: Registering C2S receiver with id cobblemon_quests:submit_pokemon
[20:33:32] [Render thread/INFO]: Registering S2C receiver with id cobblemon_quests:trainer_sync
[20:33:32] [Render thread/INFO]: Registering S2C receiver with id cobblemon_quests:open_selector
[20:33:32] [Render thread/INFO]: Config successfully loaded from /home/huydoctai/.minecraft/config/cobblemonoutbreaks/outbreaks_config.json
[20:33:32] [Render thread/ERROR]: No data fixer registered for cobblemontrainerbattle:neutral_trainer
[20:33:32] [Render thread/ERROR]: No data fixer registered for cobblemontrainerbattle:static_trainer
[20:33:32] [Render thread/ERROR]: No data fixer registered for cobblemontrainerbattle:trainer
[20:33:32] [Render thread/ERROR]: No data fixer registered for cobblemontrainerbattle:mannequin
[20:33:32] [Render thread/ERROR]: No data fixer registered for cobblemontrainerbattle:poke_ball_box
[20:33:32] [Render thread/INFO]: Registering items
[20:33:32] [Render thread/INFO]: Registering data components
[20:33:32] [Render thread/INFO]: Registering S2C receiver with id ftblibrary:edit_config
[20:33:32] [Render thread/INFO]: Registering S2C receiver with id ftblibrary:edit_config_choice_packet
[20:33:32] [Render thread/INFO]: Registering S2C receiver with id ftblibrary:edit_nbt
[20:33:32] [Render thread/INFO]: Registering S2C receiver with id ftblibrary:sync_known_server_registries
[20:33:32] [Render thread/INFO]: Registering S2C receiver with id ftblibrary:sync_config_from_server_packet
[20:33:32] [Render thread/INFO]: Registering S2C receiver with id ftblibrary:sidebar_button_visibility
[20:33:32] [Render thread/INFO]: Registering S2C receiver with id ftblibrary:sync_game_stage
[20:33:32] [Render thread/INFO]: Registering C2S receiver with id ftblibrary:edit_nbt_response
[20:33:32] [Render thread/INFO]: Registering C2S receiver with id ftblibrary:sync_config_to_server_packet
[20:33:32] [Render thread/INFO]: Registering C2S receiver with id ftbquests:change_chapter_group_message
[20:33:32] [Render thread/INFO]: Registering C2S receiver with id ftbquests:change_progress_message
[20:33:32] [Render thread/INFO]: Registering C2S receiver with id ftbquests:claim_all_rewards_message
[20:33:32] [Render thread/INFO]: Registering C2S receiver with id ftbquests:claim_choice_reward_message
[20:33:32] [Render thread/INFO]: Registering C2S receiver with id ftbquests:claim_reward_message
[20:33:32] [Render thread/INFO]: Registering C2S receiver with id ftbquests:copy_chapter_image_message
[20:33:32] [Render thread/INFO]: Registering C2S receiver with id ftbquests:copy_quest_message
[20:33:32] [Render thread/INFO]: Registering C2S receiver with id ftbquests:create_object_message
[20:33:32] [Render thread/INFO]: Registering C2S receiver with id ftbquests:create_task_at_message
[20:33:32] [Render thread/INFO]: Registering C2S receiver with id ftbquests:delete_object_message
[20:33:32] [Render thread/INFO]: Registering C2S receiver with id ftbquests:edit_object_message
[20:33:32] [Render thread/INFO]: Registering C2S receiver with id ftbquests:force_save_message
[20:33:32] [Render thread/INFO]: Registering C2S receiver with id ftbquests:give_item_to_player
[20:33:32] [Render thread/INFO]: Registering C2S receiver with id ftbquests:get_emergency_items_message
[20:33:32] [Render thread/INFO]: Registering C2S receiver with id ftbquests:move_chapter_group_message
[20:33:32] [Render thread/INFO]: Registering C2S receiver with id ftbquests:move_chapter_message
[20:33:32] [Render thread/INFO]: Registering C2S receiver with id ftbquests:move_movable_message
[20:33:32] [Render thread/INFO]: Registering C2S receiver with id ftbquests:reorder_item
[20:33:32] [Render thread/INFO]: Registering C2S receiver with id ftbquests:request_team_data_message
[20:33:32] [Render thread/INFO]: Registering C2S receiver with id ftbquests:request_translation_table
[20:33:32] [Render thread/INFO]: Registering C2S receiver with id ftbquests:set_custom_image_message
[20:33:32] [Render thread/INFO]: Registering C2S receiver with id ftbquests:submit_task_message
[20:33:32] [Render thread/INFO]: Registering C2S receiver with id ftbquests:sync_structures_request_message
[20:33:32] [Render thread/INFO]: Registering C2S receiver with id ftbquests:sync_translation_to_server
[20:33:32] [Render thread/INFO]: Registering C2S receiver with id ftbquests:block_config_response_message
[20:33:32] [Render thread/INFO]: Registering C2S receiver with id ftbquests:toggle_editing_mode_message
[20:33:32] [Render thread/INFO]: Registering C2S receiver with id ftbquests:toggle_pinned_message
[20:33:32] [Render thread/INFO]: Registering S2C receiver with id ftbquests:change_chapter_group_response_message
[20:33:32] [Render thread/INFO]: Registering S2C receiver with id ftbquests:claim_reward_response_message
[20:33:32] [Render thread/INFO]: Registering S2C receiver with id ftbquests:clear_display_cache_message
[20:33:32] [Render thread/INFO]: Registering S2C receiver with id ftbquests:clear_repeat_cooldown
[20:33:32] [Render thread/INFO]: Registering S2C receiver with id ftbquests:create_object_response_message
[20:33:32] [Render thread/INFO]: Registering S2C receiver with id ftbquests:create_other_team_data_message
[20:33:32] [Render thread/INFO]: Registering S2C receiver with id ftbquests:custom_toast_message
[20:33:32] [Render thread/INFO]: Registering S2C receiver with id ftbquests:delete_object_response_message
[20:33:32] [Render thread/INFO]: Registering S2C receiver with id ftbquests:edit_object_response_message
[20:33:32] [Render thread/INFO]: Registering S2C receiver with id ftbquests:move_chapter_group_response_message
[20:33:32] [Render thread/INFO]: Registering S2C receiver with id ftbquests:move_chapter_response_message
[20:33:32] [Render thread/INFO]: Registering S2C receiver with id ftbquests:move_movable_response_message
[20:33:33] [Render thread/INFO]: Registering S2C receiver with id ftbquests:notify_completion_message
[20:33:33] [Render thread/INFO]: Registering S2C receiver with id ftbquests:notify_item_reward_message
[20:33:33] [Render thread/INFO]: Registering S2C receiver with id ftbquests:notify_reward_message
[20:33:33] [Render thread/INFO]: Registering S2C receiver with id ftbquests:object_completed_message
[20:33:33] [Render thread/INFO]: Registering S2C receiver with id ftbquests:object_completed_reset_message
[20:33:33] [Render thread/INFO]: Registering S2C receiver with id ftbquests:object_started_message
[20:33:33] [Render thread/INFO]: Registering S2C receiver with id ftbquests:object_started_reset_message
[20:33:33] [Render thread/INFO]: Registering S2C receiver with id ftbquests:open_quest_book_message
[20:33:33] [Render thread/INFO]: Registering S2C receiver with id ftbquests:reorder_item_response
[20:33:33] [Render thread/INFO]: Registering S2C receiver with id ftbquests:reset_reward_message
[20:33:33] [Render thread/INFO]: Registering S2C receiver with id ftbquests:sync_editing_mode_message
[20:33:33] [Render thread/INFO]: Registering S2C receiver with id ftbquests:sync_editor_permission_message
[20:33:33] [Render thread/INFO]: Registering S2C receiver with id ftbquests:sync_lock_message
[20:33:33] [Render thread/INFO]: Registering S2C receiver with id ftbquests:sync_quests_message
[20:33:33] [Render thread/INFO]: Registering S2C receiver with id ftbquests:sync_reward_blocking_message
[20:33:33] [Render thread/INFO]: Registering S2C receiver with id ftbquests:sync_structures_response_message
[20:33:33] [Render thread/INFO]: Registering S2C receiver with id ftbquests:sync_team_data_message
[20:33:33] [Render thread/INFO]: Registering S2C receiver with id ftbquests:sync_translation_to_client
[20:33:33] [Render thread/INFO]: Registering S2C receiver with id ftbquests:sync_translation_table
[20:33:33] [Render thread/INFO]: Registering S2C receiver with id ftbquests:block_config_request_message
[20:33:33] [Render thread/INFO]: Registering S2C receiver with id ftbquests:team_data_changed_message
[20:33:33] [Render thread/INFO]: Registering S2C receiver with id ftbquests:toggle_pinned_response_message
[20:33:33] [Render thread/INFO]: Registering S2C receiver with id ftbquests:update_task_progress_message
[20:33:33] [Render thread/INFO]: Registering S2C receiver with id ftbquests:update_team_data_message
[20:33:33] [Render thread/INFO]: Registering S2C receiver with id ftbteams:sync_teams
[20:33:33] [Render thread/INFO]: Registering S2C receiver with id ftbteams:sync_msg_history
[20:33:33] [Render thread/INFO]: Registering S2C receiver with id ftbteams:open_my_team_gui
[20:33:33] [Render thread/INFO]: Registering S2C receiver with id ftbteams:update_properties_response
[20:33:33] [Render thread/INFO]: Registering S2C receiver with id ftbteams:send_message_response
[20:33:33] [Render thread/INFO]: Registering S2C receiver with id ftbteams:update_presence
[20:33:33] [Render thread/INFO]: Registering S2C receiver with id ftbteams:toggle_chat_response
[20:33:33] [Render thread/INFO]: Registering C2S receiver with id ftbteams:open_gui
[20:33:33] [Render thread/INFO]: Registering C2S receiver with id ftbteams:update_properties_request
[20:33:33] [Render thread/INFO]: Registering C2S receiver with id ftbteams:send_message
[20:33:33] [Render thread/INFO]: Registering C2S receiver with id ftbteams:create_party
[20:33:33] [Render thread/INFO]: Registering C2S receiver with id ftbteams:player_gui_operation
[20:33:33] [Render thread/INFO]: Registering C2S receiver with id ftbteams:toggle_chat_redirection
[20:33:33] [Render thread/INFO]: Compression will use libdeflate (Linux x86_64), encryption will use OpenSSL 3.0.x (Linux x86_64)
[20:33:33] [Render thread/INFO]: Processing wover.datapack.registry Entrypoints
[20:33:33] [Render thread/INFO]:     - Processing Entrypoint: org.betterx.wover.entrypoint.BiomeDatapackRegistryEntrypoint
[20:33:33] [Render thread/INFO]:     - Processing Entrypoint: org.betterx.wover.entrypoint.FeatureDatapackRegistryEntrypoint
[20:33:33] [Render thread/INFO]:     - Processing Entrypoint: org.betterx.wover.entrypoint.ItemDatapackRegistryEntrypoint
[20:33:33] [Render thread/INFO]:     - Processing Entrypoint: org.betterx.wover.entrypoint.StructureDatapackRegistryEntrypoint
[20:33:33] [Render thread/INFO]:     - Processing Entrypoint: org.betterx.wover.entrypoint.SurfaceDatapackRegistryEntrypoint
[20:33:34] [Render thread/INFO]: Loaded config moonlight-common.json
[20:33:34] [Render thread/INFO]: Loaded config moonlight-client.json
[20:33:34] [Render thread/INFO]: Loading Noisium.
[20:33:34] [Render thread/INFO]: [REI] Config loaded
[20:33:34] [Render thread/INFO]: Registering S2C receiver with id roughlyenoughitems:request_tags_s2c
[20:33:34] [Render thread/INFO]: Registering C2S receiver with id roughlyenoughitems:request_tags_c2s
[20:33:34] [Render thread/INFO]: [REI] Registered plugin provider DefaultPlugin [roughlyenoughitems] for REIPlugin
[20:33:34] [Render thread/INFO]: [REI] Registered plugin provider DefaultRuntimePlugin [roughlyenoughitems] for REIPlugin
[20:33:34] [Render thread/INFO]: [REI] Registered plugin provider REIIntegration [ftblibrary] for REIPlugin
[20:33:34] [Render thread/INFO]: [REI] Registered plugin provider REICompat [map_atlases] for REIPlugin
[20:33:34] [Render thread/INFO]: [REI] Registered plugin provider DefaultClientPlugin [roughlyenoughitems] for REIPlugin
[20:33:34] [Render thread/INFO]: [REI] Registered plugin provider DefaultClientRuntimePlugin [roughlyenoughitems] for REIPlugin
[20:33:34] [Render thread/INFO]: [REI] Registered plugin provider HideIngredientsFromTagsPlugin [roughlyenoughitems] for REIPlugin
[20:33:34] [Render thread/INFO]: [REI] Registered plugin provider ReiClientCompat [travelersbackpack] for REIPlugin
[20:33:34] [Render thread/INFO]: [REI] Registered plugin provider RoughlyEnoughItemsIntegration [waystones] for REIPlugin
[20:33:34] [Render thread/INFO]: [REI] Registered plugin provider DefaultPlugin [roughlyenoughitems] for REIServerPlugin
[20:33:34] [Render thread/INFO]: [REI] Registered plugin provider DefaultRuntimePlugin [roughlyenoughitems] for REIServerPlugin
[20:33:34] [Render thread/INFO]: [REI] Registered plugin provider FabricFluidAPISupportPlugin for REIServerPlugin
[20:33:34] [Render thread/INFO]: [REI] Registered plugin provider FabricFluidAPISupportPlugin for REIPlugin
[20:33:34] [Render thread/INFO]: Registering C2S receiver with id roughlyenoughitems:delete_item
[20:33:34] [Render thread/INFO]: Registering C2S receiver with id roughlyenoughitems:create_item
[20:33:34] [Render thread/INFO]: Registering C2S receiver with id roughlyenoughitems:create_item_grab
[20:33:34] [Render thread/INFO]: Registering C2S receiver with id roughlyenoughitems:create_item_hotbar
[20:33:34] [Render thread/INFO]: Registering C2S receiver with id roughlyenoughitems:move_items
[20:33:34] [Render thread/INFO]: Registering C2S receiver with id roughlyenoughitems:move_items_new
[20:33:34] [Render thread/INFO]: Loaded config simplyswords:general in 129ms
[20:33:35] [Render thread/INFO]: Loaded config simplyswords:gem_powers in 362ms
[20:33:35] [Render thread/INFO]: Loaded config simplyswords:status_effects in 7ms
[20:33:35] [Render thread/INFO]: Loaded config simplyswords:weapon_attributes in 167ms
[20:33:35] [Render thread/INFO]: Loaded config simplyswords:unique_effects in 337ms
[20:33:36] [Render thread/ERROR]: No data fixer registered for battlestandard
[20:33:36] [Render thread/ERROR]: No data fixer registered for battlestandarddark
[20:33:36] [Render thread/ERROR]: No data fixer registered for simplyswords:simplybeeentity
[20:33:36] [Render thread/ERROR]: No data fixer registered for simplyswords:simplyaxolotlentity
[20:33:36] [Render thread/ERROR]: No data fixer registered for simplyswords:thrown_sword
[20:33:36] [Render thread/ERROR]: No data fixer registered for simplyswords:frostfall_entity
[20:33:36] [Render thread/ERROR]: No data fixer registered for simplyswords:livyatan_entity
[20:33:36] [Render thread/ERROR]: No data fixer registered for simplyswords:spear_entity
[20:33:36] [Render thread/ERROR]: No data fixer registered for simplyswords:runic_entity
[20:33:36] [Render thread/INFO]: [STDOUT]: /home/huydoctai/.minecraft/config
[20:33:36] [Render thread/INFO]: Loaded config simplytooltips:config in 16ms
[20:33:36] [Render thread/INFO]: SimplyTooltips config loaded: simplytooltips:config
[20:33:36] [Render thread/INFO]: Watching directory: /home/huydoctai/.minecraft/config
[20:33:36] [Render thread/INFO]: Watching file: reforged-common.toml
[20:33:36] [Render thread/INFO]: Found 2 registry classes in tiered
[20:33:36] [Render thread/INFO]: Registering minecraft:data_component_types in class com.stereowalker.tiered.Reforged$ComponentsRegistry
[20:33:36] [Render thread/INFO]: Registering minecraft:items in class com.stereowalker.tiered.Reforged$ItemRegistries
[20:33:36] [Render thread/INFO]: Starting up: tiered
[20:33:36] [Render thread/INFO]: tiered's Serverbound & Clientbound packets registered
[20:33:36] [Render thread/ERROR]: No data fixer registered for 
[20:33:36] [Render thread/INFO]: Registered the FluidEffect with Unique ID of minecraft:water for Water (Fluid Amount Required: 81000) with the ID 0
[20:33:36] [Render thread/INFO]: Registered the FluidEffect with Unique ID of minecraft:lava for Lava (Fluid Amount Required: 81000) with the ID 1
[20:33:36] [Render thread/INFO]: Registered the FluidEffect with Unique ID of travelersbackpack:potion for block.travelersbackpack.potion_still (Fluid Amount Required: 27000) with the ID 2
[20:33:36] [Render thread/INFO]: Registered the FluidEffect with Unique ID of minecraft:milk for Air (Fluid Amount Required: 81000) with the ID 3
[20:33:36] [Render thread/INFO]: Watching file: unionlib-client.toml
[20:33:36] [Render thread/INFO]: Watching file: unionlib-common.toml
[20:33:36] [Render thread/INFO]: Watching file: unionlib-server.toml
[20:33:36] [Render thread/INFO]: Found 5 registry classes in unionlib
[20:33:36] [Render thread/INFO]: Registering minecraft:attributes in class com.stereowalker.unionlib.world.entity.ai.UAttributes
[20:33:36] [Render thread/INFO]: Registering minecraft:items in class com.stereowalker.unionlib.world.item.UItems
[20:33:36] [Render thread/INFO]: Registering minecraft:menus in class com.stereowalker.unionlib.world.inventory.UMenuType
[20:33:36] [Render thread/INFO]: Registering minecraft:recipe_serializers in class com.stereowalker.unionlib.world.item.crafting.URecipeSerializer
[20:33:37] [Render thread/INFO]: Registering minecraft:data_component_types in class com.stereowalker.unionlib.world.item.component.UDataComponents
[20:33:37] [Render thread/INFO]: Starting up: unionlib
[20:33:37] [Render thread/INFO]: unionlib's Serverbound & Clientbound packets registered
[20:33:37] [Render thread/INFO]: Veil is initializing.
[20:33:38] [Render thread/INFO]: Reflections took 5 ms to scan 1 urls, producing 1 keys and 3 values
[20:33:38] [Render thread/INFO]: Reflections took 6 ms to scan 1 urls, producing 1 keys and 3 values
[20:33:38] [Render thread/INFO]: Registering S2C receiver with id architectury:spawn_entity_packet
[20:33:38] [Render thread/INFO]: Fabric Client Initialized
[20:33:38] [Render thread/INFO]: Initializing Cobblemon client
[20:33:38] [Render thread/INFO]: Registering Pokémon renderer
[20:33:38] [Render thread/INFO]: Registering PokéBall renderer
[20:33:38] [Render thread/INFO]: Registering Boat renderer
[20:33:38] [Render thread/INFO]: Registering Boat with Chest renderer
[20:33:38] [Render thread/INFO]: Registering Generic Bedrock renderer
[20:33:38] [Render thread/INFO]: Registering Generic Bedrock Entity renderer
[20:33:38] [Render thread/INFO]: Registering PokeRod Bobber renderer
[20:33:38] [Render thread/INFO]: Registering NPC renderer
[20:33:38] [Render thread/INFO]: Registering custom BuiltinItemRenderers
[20:33:39] [Render thread/INFO]: [Indigo] Different rendering plugin detected; not applying Indigo.
[20:33:39] [Render thread/INFO]: [FastQuit] Initialized
[20:33:39] [Render thread/INFO]: Loaded config fzzy_config:keybinds in 29ms
[20:33:39] [Render thread/INFO]: Krypton is now accelerating your Minecraft client's networking stack 🚀
[20:33:39] [Render thread/INFO]: Note that Krypton is most effective on servers, not the client.
[20:33:39] [Render thread/INFO]: Initialized block sets in 10ms
[20:33:39] [Render thread/INFO]: Loaded config map_atlases-client.json
[20:33:39] [Render thread/INFO]: Loaded config map_atlases-common.json
[20:33:39] [Render thread/INFO]: Initialized color sets in 19ms
[20:33:39] [Render thread/INFO]: [STDOUT]: [Mouse Tweaks] Main.initialize()
[20:33:39] [Render thread/INFO]: [STDOUT]: [Mouse Tweaks] Initialized.
[20:33:39] [Render thread/INFO]: [REI] Registered plugin provider REIIntegration [ftblibrary] for REIClientPlugin
[20:33:39] [Render thread/INFO]: [REI] Registered plugin provider REICompat [map_atlases] for REIClientPlugin
[20:33:39] [Render thread/INFO]: [REI] Registered plugin provider DefaultClientPlugin [roughlyenoughitems] for REIClientPlugin
[20:33:39] [Render thread/INFO]: [REI] Registered plugin provider DefaultClientRuntimePlugin [roughlyenoughitems] for REIClientPlugin
[20:33:39] [Render thread/INFO]: [REI] Registered plugin provider HideIngredientsFromTagsPlugin [roughlyenoughitems] for REIClientPlugin
[20:33:39] [Render thread/INFO]: [REI] Registered plugin provider ReiClientCompat [travelersbackpack] for REIClientPlugin
[20:33:39] [Render thread/INFO]: [REI] Registered plugin provider RoughlyEnoughItemsIntegration [waystones] for REIClientPlugin
[20:33:39] [Render thread/INFO]: Registering S2C receiver with id roughlyenoughitems:ci_msg
[20:33:39] [Render thread/INFO]: Registering S2C receiver with id roughlyenoughitems:og_not_enough
[20:33:40] [Render thread/INFO]: Reloading reverb parameters
[20:33:40] [Render thread/INFO]: [STDOUT]: [TRender] Initializing Client...
[20:33:40] [Render thread/ERROR]: Registry 'moonlight:custom_map_data_types' was empty after loading
[20:33:40] [Render thread/ERROR]: Registry 'moonlight:world_saved_data_type' was empty after loading
[20:33:41] [Render thread/INFO]: Backend library: LWJGL version 3.3.3-snapshot
[20:33:41] [ForkJoinPool.commonPool-worker-1/WARN]: [Iris Update Check] This version doesn't have an update index, skipping.
[20:33:41] [Render thread/INFO]: OpenGL Vendor: Intel
[20:33:41] [Render thread/INFO]: OpenGL Renderer: Mesa Intel(R) HD Graphics 620 (KBL GT2)
[20:33:41] [Render thread/INFO]: OpenGL Version: 4.6 (Core Profile) Mesa 26.0.3-1ubuntu1
[20:33:41] [Render thread/INFO]: Initializing ImmediatelyFast 1.6.11+1.21.1 on Mesa Intel(R) HD Graphics 620 (KBL GT2) (Intel) with OpenGL 4.6 (Core Profile) Mesa 26.0.3-1ubuntu1
[20:33:41] [Render thread/INFO]: Found Iris 1.8.8+mc1.21.1. Enabling compatibility.
[20:33:41] [Render thread/INFO]: Debug functionality is disabled.
[20:33:41] [Render thread/INFO]: OpenGL 4.5 detected, enabling DSA.
[20:33:41] [Render thread/INFO]: Shaders are disabled because no valid shaderpack is selected
[20:33:41] [Render thread/INFO]: Merging 1 images using mode MIN_AREA_NO_UPSCALE
[20:33:42] [Render thread/INFO]: Hardware information:
[20:33:42] [Render thread/INFO]: CPU: 4x Intel(R) Core(TM) i7-7600U CPU @ 2.80GHz
[20:33:42] [Render thread/INFO]: GPU: Mesa Intel(R) HD Graphics 620 (KBL GT2) (Supports OpenGL 4.6 (Core Profile) Mesa 26.0.3-1ubuntu1)
[20:33:42] [Render thread/INFO]: OS: Linux (7.0.0-28-generic)
[20:33:43] [Render thread/INFO]: Initializing mod on client: tiered
[20:33:43] [Render thread/INFO]: Initializing mod on client: unionlib
[20:33:43] [Render thread/INFO]: Reloading ResourceManager: vanilla, fabric, alternate-current, ambientsounds, apollib, balm, bclib, bettercombat, betterfortresses, betterstrongholds, bosses_of_mass_destruction, cardinal-components, cardinal-components-base, cardinal-components-block, cardinal-components-chunk, cardinal-components-entity, cardinal-components-item, cardinal-components-level, cardinal-components-scoreboard, cardinal-components-world, cloth-config, cobbled_counter, cobbledex, cobblemon, cobblemon_quests-reloaded, cobblemonbreakouts, cobblemonextrastructures, cobblemontrainerbattle, cobbreeding, comforts, conditional-mixin, continuity, creativecore, ctov, dynamic_fps, effective, emi, entityculling, fabric-api, fabric-api-base, fabric-api-lookup-api-v1, fabric-biome-api-v1, fabric-block-api-v1, fabric-block-view-api-v2, fabric-blockrenderlayer-v1, fabric-client-tags-api-v1, fabric-command-api-v1, fabric-command-api-v2, fabric-commands-v0, fabric-content-registries-v0, fabric-convention-tags-v1, fabric-convention-tags-v2, fabric-crash-report-info-v1, fabric-data-attachment-api-v1, fabric-data-generation-api-v1, fabric-dimensions-v1, fabric-entity-events-v1, fabric-events-interaction-v0, fabric-game-rule-api-v1, fabric-item-api-v1, fabric-item-group-api-v1, fabric-key-binding-api-v1, fabric-keybindings-v0, fabric-language-kotlin, fabric-lifecycle-events-v1, fabric-loot-api-v2, fabric-loot-api-v3, fabric-message-api-v1, fabric-model-loading-api-v1, fabric-networking-api-v1, fabric-object-builder-api-v1, fabric-particles-v1, fabric-recipe-api-v1, fabric-registry-sync-v0, fabric-renderer-api-v1, fabric-renderer-indigo, fabric-renderer-registries-v1, fabric-rendering-data-attachment-v1, fabric-rendering-fluids-v1, fabric-rendering-v0, fabric-rendering-v1, fabric-resource-conditions-api-v1, fabric-resource-loader-v0, fabric-screen-api-v1, fabric-screen-handler-api-v1, fabric-sound-api-v1, fabric-tag-api-v1, fabric-transfer-api-v1, fabric-transitive-access-wideners-v1, fabricloader, fastquit, ftblibrary, ftbquests, ftbteams, fzzy_config, immediatelyfast, inventoryprofilesnext, iris, jade, krypton, libipn, lithium, lootr, map_atlases, midnightlib, modernfix, moonlight, moreculling, mr_dungeons_andtaverns, naturescompass, noisium, playeranimator, presencefootsteps, repurposed_structures, roughlyenoughitems, satin, simplyswords, simplytooltips, sodium, sound_physics_remastered, spark, spectrelib, team_reborn_energy, tectonic, terrablender, terralith, tiered, tim_core, travelersbackpack, trender, unionlib, veil, waystones, wover, wover-block, wover-core, wover-events, wover-generator, wover-preset, wover-surface, wover-ui, wunderlib, cobbreeding:pasturefix, moonlight:merged_pack
[20:33:43] [Render thread/INFO]: Cached all modded block culling states
[20:33:43] [Worker-ResourceReload-0/INFO]: Resource cache state for CLIENT_RESOURCES: up to date
[20:33:43] [Worker-ResourceReload-0/INFO]: Starting runtime resource generation for pack type CLIENT_RESOURCES with generators [moonlight:dynamic_resources]
[20:33:43] [Worker-ResourceReload-0/INFO]: Regenerating Dynamic CLIENT_RESOURCES Resources Provider [moonlight:dynamic_resources], requested by strategy REGEN_ON_EVERY_RELOAD
[20:33:43] [Worker-ResourceReload-0/INFO]: Generated runtime CLIENT_RESOURCES for pack moonlight:dynamic_resources in 11.12 ms
[20:33:43] [Worker-ResourceReload-0/INFO]: Finished runtime resources generation for 1 packs in a total of 29.37 ms 
[20:33:43] [Render thread/INFO]: Start loading plugin from Balm: net.blay09.mods.balm.fabric.compat.hudinfo.FabricJadeModCompat
[20:33:43] [Render thread/INFO]: Start loading plugin from Jade: snownee.jade.addon.core.CorePlugin
[20:33:43] [Render thread/INFO]: Start loading plugin from Jade: snownee.jade.addon.vanilla.VanillaPlugin
[20:33:43] [Render thread/INFO]: Start loading plugin from Jade: snownee.jade.addon.universal.UniversalPlugin
[20:33:43] [Render thread/INFO]: Start loading plugin from Jade: snownee.jade.addon.access.AccessibilityPlugin
[20:33:43] [Render thread/INFO]: Start loading plugin from Jade: snownee.jade.addon.debug.DebugPlugin
[20:33:43] [Render thread/INFO]: Start loading plugin from Lootr: noobanidus.mods.lootr.common.integration.jade.LootrWailaPlugin
[20:33:43] [Render thread/INFO]: Start loading plugin from Waystones: net.blay09.mods.waystones.compat.JadeIntegration
[20:33:43] [Worker-ResourceReload-0/INFO]: Found unifont_all_no_pua-15.1.05.hex, loading
[20:33:43] [Worker-ResourceReload-1/WARN]: File cobblemon:sounds/pokemon/ponyta/galarian_ponyta_cry.ogg does not exist, cannot add it to event cobblemon:pokemon.ponyta_galar.cry
[20:33:44] [Render thread/INFO]: Loaded AmbientEngine 'basic' v3.2.5. 11 dimension(s), 11 features, 11 blockgroups, 2 sound collections, 38 regions, 60 sounds, 12 sound categories, 6 solids and 2 biome types
[20:33:44] [Worker-ResourceReload-0/INFO]: Found unifont_jp_patch-15.1.05.hex, loading
[20:33:45] [Worker-ResourceReload-1/WARN]: Texture cobblemon:block/decorative/spell_tag with size 8x8 limits mip level from 4 to 3
[20:33:45] [Worker-ResourceReload-1/WARN]: Texture cobblemon_quests:item/poke_ball_icon with size 12x12 limits mip level from 3 to 2
[20:33:45] [Worker-ResourceReload-1/WARN]: minecraft:textures/atlas/blocks.png: dropping miplevel from 4 to 2, because of minimum power of two: 4
[20:33:46] [Worker-Main-1/INFO]: Loaded AmbientEngine 'basic' v3.2.5. 11 dimension(s), 11 features, 11 blockgroups, 2 sound collections, 38 regions, 60 sounds, 12 sound categories, 6 solids and 2 biome types
[20:33:51] [Worker-ResourceReload-1/WARN]: Missing textures in model cobblemon:relic_coin_pouch#inventory:
    minecraft:textures/atlas/blocks.png:cobblemon:block/decorative_items/relic_coin_pouch
[20:33:51] [Render thread/INFO]: Loaded 0 shader modifications
[20:33:51] [Render thread/INFO]: Loaded 11 shaders from: pinwheel/shaders/program
[20:33:51] [Render thread/WARN]: Missing sound for event: minecraft:item.goat_horn.play
[20:33:51] [Render thread/WARN]: Missing sound for event: minecraft:entity.goat.screaming.horn_break
[20:33:51] [Render thread/WARN]: Missing sound for event: cobblemon:ride.loop.leather
[20:33:51] [Render thread/WARN]: Missing sound for event: cobblemon:ride.loop.plumage
[20:33:51] [Render thread/WARN]: Missing sound for event: cobblemontrainerbattle:battle.leader.default
[20:33:51] [Render thread/WARN]: Missing sound for event: cobblemontrainerbattle:battle.elite.default
[20:33:51] [Render thread/WARN]: Missing sound for event: cobblemontrainerbattle:battle.champion.default
[20:33:51] [Render thread/WARN]: Missing sound for event: cobblemontrainerbattle:battle.kanto.default
[20:33:51] [Render thread/WARN]: Missing sound for event: cobblemontrainerbattle:battle.trainer.red
[20:33:51] [Render thread/WARN]: Missing sound for event: cobblemontrainerbattle:battle.trainer.leaf
[20:33:51] [Render thread/WARN]: Missing sound for event: cobblemontrainerbattle:battle.leader.brock
[20:33:51] [Render thread/WARN]: Missing sound for event: cobblemontrainerbattle:battle.leader.misty
[20:33:51] [Render thread/WARN]: Missing sound for event: cobblemontrainerbattle:battle.leader.lt_surge
[20:33:51] [Render thread/WARN]: Missing sound for event: cobblemontrainerbattle:battle.leader.erika
[20:33:51] [Render thread/WARN]: Missing sound for event: cobblemontrainerbattle:battle.leader.koga
[20:33:51] [Render thread/WARN]: Missing sound for event: cobblemontrainerbattle:battle.leader.sabrina
[20:33:51] [Render thread/WARN]: Missing sound for event: cobblemontrainerbattle:battle.leader.blaine
[20:33:51] [Render thread/WARN]: Missing sound for event: cobblemontrainerbattle:battle.leader.giovanni
[20:33:51] [Render thread/WARN]: Missing sound for event: cobblemontrainerbattle:battle.elite.lorelei
[20:33:51] [Render thread/WARN]: Missing sound for event: cobblemontrainerbattle:battle.elite.bruno
[20:33:51] [Render thread/WARN]: Missing sound for event: cobblemontrainerbattle:battle.elite.agatha
[20:33:51] [Render thread/WARN]: Missing sound for event: cobblemontrainerbattle:battle.elite.lance
[20:33:51] [Render thread/WARN]: Missing sound for event: cobblemontrainerbattle:battle.champion.terry
[20:33:51] [Render thread/WARN]: Missing sound for event: cobblemontrainerbattle:battle.johto.default
[20:33:51] [Render thread/WARN]: Missing sound for event: cobblemontrainerbattle:battle.trainer.eusine
[20:33:51] [Render thread/WARN]: Missing sound for event: cobblemontrainerbattle:battle.trainer.silver
[20:33:51] [Render thread/WARN]: Missing sound for event: cobblemontrainerbattle:battle.leader.falkner
[20:33:51] [Render thread/WARN]: Missing sound for event: cobblemontrainerbattle:battle.leader.bugsy
[20:33:51] [Render thread/WARN]: Missing sound for event: cobblemontrainerbattle:battle.leader.whitney
[20:33:51] [Render thread/WARN]: Missing sound for event: cobblemontrainerbattle:battle.leader.morty
[20:33:51] [Render thread/WARN]: Missing sound for event: cobblemontrainerbattle:battle.leader.chuck
[20:33:51] [Render thread/WARN]: Missing sound for event: cobblemontrainerbattle:battle.leader.jasmine
[20:33:51] [Render thread/WARN]: Missing sound for event: cobblemontrainerbattle:battle.leader.pryce
[20:33:51] [Render thread/WARN]: Missing sound for event: cobblemontrainerbattle:battle.leader.clair
[20:33:51] [Render thread/WARN]: Missing sound for event: cobblemontrainerbattle:battle.elite.will
[20:33:51] [Render thread/WARN]: Missing sound for event: cobblemontrainerbattle:battle.elite.koga
[20:33:51] [Render thread/WARN]: Missing sound for event: cobblemontrainerbattle:battle.elite.karen
[20:33:51] [Render thread/WARN]: Missing sound for event: cobblemontrainerbattle:battle.champion.lance
[20:33:51] [Render thread/WARN]: Missing sound for event: cobblemontrainerbattle:battle.hoenn.default
[20:33:51] [Render thread/WARN]: Missing sound for event: cobblemontrainerbattle:battle.leader.roxanne
[20:33:51] [Render thread/WARN]: Missing sound for event: cobblemontrainerbattle:battle.leader.brawly
[20:33:51] [Render thread/WARN]: Missing sound for event: cobblemontrainerbattle:battle.leader.wattson
[20:33:51] [Render thread/WARN]: Missing sound for event: cobblemontrainerbattle:battle.leader.flannery
[20:33:51] [Render thread/WARN]: Missing sound for event: cobblemontrainerbattle:battle.leader.norman
[20:33:51] [Render thread/WARN]: Missing sound for event: cobblemontrainerbattle:battle.leader.winona
[20:33:51] [Render thread/WARN]: Missing sound for event: cobblemontrainerbattle:battle.leader.tate_and_liza
[20:33:51] [Render thread/WARN]: Missing sound for event: cobblemontrainerbattle:battle.leader.juan
[20:33:51] [Render thread/WARN]: Missing sound for event: cobblemontrainerbattle:battle.elite.sidney
[20:33:51] [Render thread/WARN]: Missing sound for event: cobblemontrainerbattle:battle.elite.phoebe
[20:33:51] [Render thread/WARN]: Missing sound for event: cobblemontrainerbattle:battle.elite.glacia
[20:33:51] [Render thread/WARN]: Missing sound for event: cobblemontrainerbattle:battle.elite.drake
[20:33:51] [Render thread/WARN]: Missing sound for event: cobblemontrainerbattle:battle.champion.wallace
[20:33:51] [Render thread/WARN]: Missing sound for event: cobblemontrainerbattle:battle.sinnoh.default
[20:33:51] [Render thread/WARN]: Missing sound for event: cobblemontrainerbattle:battle.leader.roark
[20:33:51] [Render thread/WARN]: Missing sound for event: cobblemontrainerbattle:battle.leader.gardenia
[20:33:51] [Render thread/WARN]: Missing sound for event: cobblemontrainerbattle:battle.leader.maylene
[20:33:51] [Render thread/WARN]: Missing sound for event: cobblemontrainerbattle:battle.leader.crasher_wake
[20:33:51] [Render thread/WARN]: Missing sound for event: cobblemontrainerbattle:battle.leader.fantina
[20:33:51] [Render thread/WARN]: Missing sound for event: cobblemontrainerbattle:battle.leader.byron
[20:33:51] [Render thread/WARN]: Missing sound for event: cobblemontrainerbattle:battle.leader.candice
[20:33:51] [Render thread/WARN]: Missing sound for event: cobblemontrainerbattle:battle.leader.volkner
[20:33:51] [Render thread/WARN]: Missing sound for event: cobblemontrainerbattle:battle.elite.aaron
[20:33:51] [Render thread/WARN]: Missing sound for event: cobblemontrainerbattle:battle.elite.bertha
[20:33:51] [Render thread/WARN]: Missing sound for event: cobblemontrainerbattle:battle.elite.flint
[20:33:51] [Render thread/WARN]: Missing sound for event: cobblemontrainerbattle:battle.elite.lucian
[20:33:51] [Render thread/WARN]: Missing sound for event: cobblemontrainerbattle:battle.champion.cynthia
[20:33:51] [Render thread/WARN]: Missing sound for event: cobblemontrainerbattle:battle.unova.default
[20:33:51] [Render thread/WARN]: Missing sound for event: cobblemontrainerbattle:battle.leader.cilan
[20:33:51] [Render thread/WARN]: Missing sound for event: cobblemontrainerbattle:battle.leader.chili
[20:33:51] [Render thread/WARN]: Missing sound for event: cobblemontrainerbattle:battle.leader.cress
[20:33:51] [Render thread/WARN]: Missing sound for event: cobblemontrainerbattle:battle.leader.lenora
[20:33:51] [Render thread/WARN]: Missing sound for event: cobblemontrainerbattle:battle.leader.burgh
[20:33:51] [Render thread/WARN]: Missing sound for event: cobblemontrainerbattle:battle.leader.elesa
[20:33:51] [Render thread/WARN]: Missing sound for event: cobblemontrainerbattle:battle.leader.clay
[20:33:51] [Render thread/WARN]: Missing sound for event: cobblemontrainerbattle:battle.leader.skyla
[20:33:51] [Render thread/WARN]: Missing sound for event: cobblemontrainerbattle:battle.leader.brycen
[20:33:51] [Render thread/WARN]: Missing sound for event: cobblemontrainerbattle:battle.leader.drayden
[20:33:51] [Render thread/WARN]: Missing sound for event: cobblemontrainerbattle:battle.leader.iris
[20:33:51] [Render thread/WARN]: Missing sound for event: cobblemontrainerbattle:battle.elite.shauntal
[20:33:51] [Render thread/WARN]: Missing sound for event: cobblemontrainerbattle:battle.elite.marshal
[20:33:51] [Render thread/WARN]: Missing sound for event: cobblemontrainerbattle:battle.elite.grimsley
[20:33:51] [Render thread/WARN]: Missing sound for event: cobblemontrainerbattle:battle.elite.caitlin
[20:33:51] [Render thread/WARN]: Missing sound for event: cobblemontrainerbattle:battle.champion.alder
[20:33:51] [Render thread/WARN]: Missing sound for event: cobblemontrainerbattle:battle.leader.cheren
[20:33:51] [Render thread/WARN]: Missing sound for event: cobblemontrainerbattle:battle.leader.roxie
[20:33:51] [Render thread/WARN]: Missing sound for event: cobblemontrainerbattle:battle.leader.marlon
[20:33:51] [Render thread/WARN]: Missing sound for event: cobblemontrainerbattle:battle.champion.iris
[20:33:51] [Render thread/WARN]: Missing sound for event: cobblemontrainerbattle:battle.kalos.default
[20:33:51] [Render thread/WARN]: Missing sound for event: cobblemontrainerbattle:battle.leader.viola
[20:33:51] [Render thread/WARN]: Missing sound for event: cobblemontrainerbattle:battle.leader.grant
[20:33:51] [Render thread/WARN]: Missing sound for event: cobblemontrainerbattle:battle.leader.korrina
[20:33:51] [Render thread/WARN]: Missing sound for event: cobblemontrainerbattle:battle.leader.ramos
[20:33:51] [Render thread/WARN]: Missing sound for event: cobblemontrainerbattle:battle.leader.clemont
[20:33:51] [Render thread/WARN]: Missing sound for event: cobblemontrainerbattle:battle.leader.valerie
[20:33:51] [Render thread/WARN]: Missing sound for event: cobblemontrainerbattle:battle.leader.olympia
[20:33:51] [Render thread/WARN]: Missing sound for event: cobblemontrainerbattle:battle.leader.wulfric
[20:33:51] [Render thread/WARN]: Missing sound for event: cobblemontrainerbattle:battle.elite.malva
[20:33:51] [Render thread/WARN]: Missing sound for event: cobblemontrainerbattle:battle.elite.siebold
[20:33:51] [Render thread/WARN]: Missing sound for event: cobblemontrainerbattle:battle.elite.wikstrom
[20:33:51] [Render thread/WARN]: Missing sound for event: cobblemontrainerbattle:battle.elite.drasna
[20:33:51] [Render thread/WARN]: Missing sound for event: cobblemontrainerbattle:battle.champion.diantha
[20:33:51] [Render thread/WARN]: Missing sound for event: cobblemontrainerbattle:battle.alola.default
[20:33:51] [Render thread/WARN]: Missing sound for event: cobblemontrainerbattle:battle.leader.ilima
[20:33:51] [Render thread/WARN]: Missing sound for event: cobblemontrainerbattle:battle.leader.lana
[20:33:51] [Render thread/WARN]: Missing sound for event: cobblemontrainerbattle:battle.leader.kiawe
[20:33:51] [Render thread/WARN]: Missing sound for event: cobblemontrainerbattle:battle.leader.mallow
[20:33:51] [Render thread/WARN]: Missing sound for event: cobblemontrainerbattle:battle.leader.sophocles
[20:33:51] [Render thread/WARN]: Missing sound for event: cobblemontrainerbattle:battle.leader.mina
[20:33:51] [Render thread/WARN]: Missing sound for event: cobblemontrainerbattle:battle.leader.acerola
[20:33:51] [Render thread/WARN]: Missing sound for event: cobblemontrainerbattle:battle.elite.hala
[20:33:51] [Render thread/WARN]: Missing sound for event: cobblemontrainerbattle:battle.elite.acerola
[20:33:51] [Render thread/WARN]: Missing sound for event: cobblemontrainerbattle:battle.elite.kahili
[20:33:51] [Render thread/WARN]: Missing sound for event: cobblemontrainerbattle:battle.elite.molayne
[20:33:51] [Render thread/WARN]: Missing sound for event: cobblemontrainerbattle:battle.champion.kukui
[20:33:51] [Render thread/WARN]: Missing sound for event: cobblemontrainerbattle:battle.galar.default
[20:33:51] [Render thread/WARN]: Missing sound for event: cobblemontrainerbattle:battle.leader.milo
[20:33:51] [Render thread/WARN]: Missing sound for event: cobblemontrainerbattle:battle.leader.nessa
[20:33:51] [Render thread/WARN]: Missing sound for event: cobblemontrainerbattle:battle.leader.kabu
[20:33:51] [Render thread/WARN]: Missing sound for event: cobblemontrainerbattle:battle.leader.bea
[20:33:51] [Render thread/WARN]: Missing sound for event: cobblemontrainerbattle:battle.leader.allister
[20:33:51] [Render thread/WARN]: Missing sound for event: cobblemontrainerbattle:battle.leader.opal
[20:33:51] [Render thread/WARN]: Missing sound for event: cobblemontrainerbattle:battle.leader.gordie
[20:33:51] [Render thread/WARN]: Missing sound for event: cobblemontrainerbattle:battle.leader.melony
[20:33:51] [Render thread/WARN]: Missing sound for event: cobblemontrainerbattle:battle.leader.piers
[20:33:51] [Render thread/WARN]: Missing sound for event: cobblemontrainerbattle:battle.leader.raihan
[20:33:51] [Render thread/WARN]: Missing sound for event: cobblemontrainerbattle:battle.champion.leon
[20:33:51] [Render thread/WARN]: Missing sound for event: cobblemontrainerbattle:battle.hisui.default
[20:33:51] [Render thread/WARN]: Missing sound for event: cobblemontrainerbattle:battle.paldea.default
[20:33:51] [Render thread/WARN]: Missing sound for event: cobblemontrainerbattle:battle.leader.katy
[20:33:51] [Render thread/WARN]: Missing sound for event: cobblemontrainerbattle:battle.leader.brassius
[20:33:51] [Render thread/WARN]: Missing sound for event: cobblemontrainerbattle:battle.leader.iono
[20:33:51] [Render thread/WARN]: Missing sound for event: cobblemontrainerbattle:battle.leader.kofu
[20:33:51] [Render thread/WARN]: Missing sound for event: cobblemontrainerbattle:battle.leader.larry
[20:33:51] [Render thread/WARN]: Missing sound for event: cobblemontrainerbattle:battle.leader.ryme
[20:33:51] [Render thread/WARN]: Missing sound for event: cobblemontrainerbattle:battle.leader.tulip
[20:33:51] [Render thread/WARN]: Missing sound for event: cobblemontrainerbattle:battle.leader.grusha
[20:33:51] [Render thread/WARN]: Missing sound for event: cobblemontrainerbattle:battle.elite.rika
[20:33:51] [Render thread/WARN]: Missing sound for event: cobblemontrainerbattle:battle.elite.poppy
[20:33:51] [Render thread/WARN]: Missing sound for event: cobblemontrainerbattle:battle.elite.larry
[20:33:51] [Render thread/WARN]: Missing sound for event: cobblemontrainerbattle:battle.elite.hassel
[20:33:51] [Render thread/WARN]: Missing sound for event: cobblemontrainerbattle:battle.champion.geeta
[20:33:51] [Render thread/WARN]: Missing sound for event: cobblemontrainerbattle:battle.elite.crispin
[20:33:51] [Render thread/WARN]: Missing sound for event: cobblemontrainerbattle:battle.elite.amarys
[20:33:51] [Render thread/WARN]: Missing sound for event: cobblemontrainerbattle:battle.elite.lacey
[20:33:51] [Render thread/WARN]: Missing sound for event: cobblemontrainerbattle:battle.elite.drayton
[20:33:51] [Render thread/WARN]: Missing sound for event: cobblemontrainerbattle:battle.champion.kieran
[20:33:51] [Render thread/INFO]: OpenAL initialized on device Built-in Audio Analog Stereo
[20:33:51] [Render thread/INFO]: Initializing Sound Physics
[20:33:51] [Render thread/INFO]: EFX Extension recognized
[20:33:51] [Render thread/INFO]: Max auxiliary sends: 4
[20:33:51] [Render thread/INFO]: Aux slot 1 created
[20:33:51] [Render thread/INFO]: Aux slot 2 created
[20:33:51] [Render thread/INFO]: Aux slot 3 created
[20:33:51] [Render thread/INFO]: Aux slot 4 created
[20:33:51] [Render thread/INFO]: EFX ready
[20:33:51] [Render thread/INFO]: Sound engine started
[20:33:51] [Render thread/INFO]: Created: 2048x2048x2 minecraft:textures/atlas/blocks.png-atlas
[20:33:52] [Render thread/INFO]: Created: 256x256x4 minecraft:textures/atlas/signs.png-atlas
[20:33:52] [Render thread/INFO]: Created: 512x512x4 minecraft:textures/atlas/banner_patterns.png-atlas
[20:33:52] [Render thread/INFO]: Created: 512x512x4 minecraft:textures/atlas/shield_patterns.png-atlas
[20:33:52] [Render thread/INFO]: Created: 2048x1024x4 minecraft:textures/atlas/armor_trims.png-atlas
[20:33:52] [Render thread/INFO]: Created: 512x256x4 minecraft:textures/atlas/chest.png-atlas
[20:33:52] [Render thread/INFO]: Created: 128x128x4 minecraft:textures/atlas/decorated_pot.png-atlas
[20:33:52] [Render thread/INFO]: Created: 512x256x4 minecraft:textures/atlas/beds.png-atlas
[20:33:52] [Render thread/INFO]: Created: 1024x512x4 minecraft:textures/atlas/shulker_boxes.png-atlas
[20:33:52] [Render thread/INFO]: [STDOUT]: Simply Swords: Adding axolotl shoulder feature to client
[20:33:52] [Render thread/INFO]: [STDOUT]: Simply Swords: Adding axolotl shoulder feature to client
[20:33:52] [Render thread/INFO]: Created: 4096x2048x0 minecraft:textures/atlas/particles.png-atlas
[20:33:52] [Render thread/INFO]: Created: 512x256x0 minecraft:textures/atlas/paintings.png-atlas
[20:33:52] [Render thread/INFO]: Created: 256x128x0 minecraft:textures/atlas/mob_effects.png-atlas
[20:33:52] [Render thread/INFO]: Created: 256x256x0 minecraft:textures/atlas/map_decorations.png-atlas
[20:33:52] [Render thread/INFO]: Created: 1024x512x0 minecraft:textures/atlas/gui.png-atlas
[20:33:52] [Render thread/WARN]: Shader cobblemon:particle_add could not find sampler named Sampler2 in the specified shader program.
[20:33:52] [Render thread/WARN]: Shader cobblemon:particle_cutout could not find sampler named Sampler2 in the specified shader program.
[20:33:52] [Render thread/WARN]: Shader rendertype_entity_cutout could not find uniform named IViewRotMat in the specified shader program.
[20:33:52] [Render thread/WARN]: Shader rendertype_entity_translucent could not find uniform named IViewRotMat in the specified shader program.
[20:33:52] [Render thread/WARN]: Shader rendertype_entity_translucent_emissive could not find sampler named Sampler2 in the specified shader program.
[20:33:52] [Render thread/WARN]: Shader moonlight:text_alpha_color could not find uniform named FogShape in the specified shader program.
[20:33:52] [Render thread/WARN]: Shader effective:hypnotize could not find uniform named InSize in the specified shader program.
[20:33:52] [Render thread/WARN]: Shader effective:hypnotize could not find uniform named Frequency in the specified shader program.
[20:33:53] [Render thread/INFO]: Compiled 61 vanilla shaders in 721.7 ms
[20:33:53] [Render thread/INFO]: Loaded 2 ImGui fonts
[20:33:53] [Render thread/INFO]: Built veil:jetbrains_mono
[20:33:53] [Render thread/INFO]: Built veil:remixicon
[20:33:53] [Render thread/INFO]: Loaded 2 framebuffers
[20:33:53] [Render thread/INFO]: Loaded 3 post pipelines
[20:33:53] [Render thread/INFO]: Loaded 0 render types
[20:33:53] [Render thread/INFO]: Created: 128x128x0 cobblemon:textures/atlas/berries.png-atlas
[20:33:53] [Render thread/INFO]: Loading assets...
[20:33:53] [Render thread/INFO]: Loading particle effects...
[20:33:53] [Render thread/INFO]: Loaded 968 particle effects
[20:33:54] [Render thread/INFO]: Loading animations...
[20:33:58] [Render thread/INFO]: Loaded 8805 animations from 975 animation groups
[20:33:58] [Render thread/INFO]: Loading varying Bedrock assets...
[20:33:58] [Render thread/INFO]: Loaded 1125 models.
[20:33:59] [Render thread/INFO]: Loaded 1039 posers.
[20:33:59] [Render thread/INFO]: Loaded 2654 variations.
[20:33:59] [Render thread/INFO]: Loaded 72 berry models
[20:33:59] [Render thread/INFO]: Loaded 5 misc models
[20:33:59] [Render thread/INFO]: Loaded assets
[20:33:59] [Render thread/WARN]: Sound registered for unknown block id minecraft:pale_oak_planks
[20:33:59] [Render thread/WARN]: Sound registered for unknown block id minecraft:pale_oak_log
[20:33:59] [Render thread/WARN]: Sound registered for unknown block id minecraft:creaking_heart
[20:33:59] [Render thread/WARN]: Sound registered for unknown block id minecraft:stripped_pale_oak_log
[20:33:59] [Render thread/WARN]: Sound registered for unknown block id minecraft:stripped_pale_oak_wood
[20:33:59] [Render thread/WARN]: Sound registered for unknown block id minecraft:pale_oak_wood
[20:33:59] [Render thread/WARN]: Sound registered for unknown block id minecraft:pale_oak_leaves
[20:33:59] [Render thread/WARN]: Sound registered for unknown block id minecraft:pale_oak_slab
[20:33:59] [Render thread/WARN]: Sound registered for unknown block id minecraft:pale_oak_pressure_plate
[20:33:59] [Render thread/WARN]: Sound registered for unknown block id minecraft:pale_moss_block
[20:33:59] [Render thread/WARN]: Sound registered for unknown block id minecraft:pale_moss_carpet
[20:33:59] [Render thread/WARN]: Sound registered for unknown block id minecraft:pale_moss_carpet
[20:33:59] [Render thread/WARN]: Sound registered for unknown block id minecraft:pale_hanging_moss
[20:33:59] [Render thread/WARN]: Sound registered for unknown block id minecraft:pale_hanging_moss
[20:33:59] [Render thread/WARN]: Sound registered for unknown block id minecraft:pale_hanging_moss
[20:33:59] [Render thread/WARN]: Sound registered for unknown block id minecraft:pale_oak_stairs
[20:33:59] [Render thread/WARN]: Sound registered for unknown block id minecraft:pale_oak_button
[20:33:59] [Render thread/WARN]: Sound registered for unknown block id minecraft:resin_clump
[20:33:59] [Render thread/WARN]: Sound registered for unknown block id minecraft:resin_clump
[20:33:59] [Render thread/WARN]: Sound registered for unknown block id minecraft:resin_clump
[20:33:59] [Render thread/WARN]: Sound registered for unknown block id minecraft:resin_block
[20:33:59] [Render thread/WARN]: Sound registered for unknown block id minecraft:resin_bricks
[20:33:59] [Render thread/WARN]: Sound registered for unknown block id minecraft:resin_brick_stairs
[20:33:59] [Render thread/WARN]: Sound registered for unknown block id minecraft:resin_brick_slab
[20:33:59] [Render thread/WARN]: Sound registered for unknown block id minecraft:resin_brick_wall
[20:33:59] [Render thread/WARN]: Sound registered for unknown block id minecraft:chiseled_resin_bricks
[20:33:59] [Render thread/WARN]: Locomotion registered for unknown entity type minecraft:creaking
[20:33:59] [Render thread/INFO]: [SimplyTooltips] Loaded 32 theme(s)
[20:33:59] [Render thread/INFO]: [SimplyTooltips] Loaded 108 item theme(s), 108 item badge override(s), 27 tag entries
[20:33:59] [Render thread/INFO]: Loaded 5 quasar particles
[20:33:59] [Render thread/INFO]: Received Version Info for minecraft=1.21.1, loader=fabric
[20:33:59] [Render thread/INFO]:  - wover:21.0.13
[20:33:59] [Render thread/INFO]:  - bclib:21.0.13
[20:33:59] [Render thread/INFO]: Creating pipeline for dimension minecraft:overworld
[20:34:01] [Render thread/WARN]: Game took 52.515 seconds to start
[20:34:05] [Render thread/ERROR]: Can't ping ChiWideMC.aternos.me:27458: Internal Exception: java.net.SocketException: Connection reset
[20:34:15] [Render thread/INFO]: Reloading ResourceManager: vanilla, fabric, alternate-current, ambientsounds, apollib, balm, bclib, bettercombat, betterfortresses, betterstrongholds, bosses_of_mass_destruction, cardinal-components, cardinal-components-base, cardinal-components-block, cardinal-components-chunk, cardinal-components-entity, cardinal-components-item, cardinal-components-level, cardinal-components-scoreboard, cardinal-components-world, cloth-config, cobbled_counter, cobbledex, cobblemon, cobblemon_quests-reloaded, cobblemonbreakouts, cobblemonextrastructures, cobblemontrainerbattle, cobbreeding, comforts, conditional-mixin, continuity, creativecore, ctov, dynamic_fps, effective, emi, entityculling, fabric-api, fabric-api-base, fabric-api-lookup-api-v1, fabric-biome-api-v1, fabric-block-api-v1, fabric-block-view-api-v2, fabric-blockrenderlayer-v1, fabric-client-tags-api-v1, fabric-command-api-v1, fabric-command-api-v2, fabric-commands-v0, fabric-content-registries-v0, fabric-convention-tags-v1, fabric-convention-tags-v2, fabric-crash-report-info-v1, fabric-data-attachment-api-v1, fabric-data-generation-api-v1, fabric-dimensions-v1, fabric-entity-events-v1, fabric-events-interaction-v0, fabric-game-rule-api-v1, fabric-item-api-v1, fabric-item-group-api-v1, fabric-key-binding-api-v1, fabric-keybindings-v0, fabric-language-kotlin, fabric-lifecycle-events-v1, fabric-loot-api-v2, fabric-loot-api-v3, fabric-message-api-v1, fabric-model-loading-api-v1, fabric-networking-api-v1, fabric-object-builder-api-v1, fabric-particles-v1, fabric-recipe-api-v1, fabric-registry-sync-v0, fabric-renderer-api-v1, fabric-renderer-indigo, fabric-renderer-registries-v1, fabric-rendering-data-attachment-v1, fabric-rendering-fluids-v1, fabric-rendering-v0, fabric-rendering-v1, fabric-resource-conditions-api-v1, fabric-resource-loader-v0, fabric-screen-api-v1, fabric-screen-handler-api-v1, fabric-sound-api-v1, fabric-tag-api-v1, fabric-transfer-api-v1, fabric-transitive-access-wideners-v1, fabricloader, fastquit, ftblibrary, ftbquests, ftbteams, fzzy_config, immediatelyfast, inventoryprofilesnext, iris, jade, krypton, libipn, lithium, lootr, map_atlases, midnightlib, modernfix, moonlight, moreculling, mr_dungeons_andtaverns, naturescompass, noisium, playeranimator, presencefootsteps, repurposed_structures, roughlyenoughitems, satin, simplyswords, simplytooltips, sodium, sound_physics_remastered, spark, spectrelib, team_reborn_energy, tectonic, terrablender, terralith, tiered, tim_core, travelersbackpack, trender, unionlib, veil, waystones, wover, wover-block, wover-core, wover-events, wover-generator, wover-preset, wover-surface, wover-ui, wunderlib, cobbreeding:pasturefix, moonlight:merged_pack, cobblemon:gyaradosjump, cobblemon:regionbiasforms, cobblemon:uniqueshinyforms, cobbreeding:coloredeggs, file/Cobblemon Interface v1.6.0.zip
[20:34:15] [Worker-ResourceReload-1/INFO]: Resource cache state for CLIENT_RESOURCES: needs regeneration
[20:34:15] [Worker-ResourceReload-1/INFO]: Starting runtime resource generation for pack type CLIENT_RESOURCES with generators [moonlight:dynamic_resources]
[20:34:15] [Worker-ResourceReload-1/INFO]: Regenerating Dynamic CLIENT_RESOURCES Resources Provider [moonlight:dynamic_resources], requested by strategy REGEN_ON_EVERY_RELOAD
[20:34:15] [Worker-ResourceReload-1/INFO]: Generated runtime CLIENT_RESOURCES for pack moonlight:dynamic_resources in 739.6 μs
[20:34:15] [Worker-ResourceReload-1/INFO]: Finished runtime resources generation for 1 packs in a total of 16.91 ms 
[20:34:15] [Worker-ResourceReload-1/INFO]: Found unifont_all_no_pua-15.1.05.hex, loading
[20:34:15] [Worker-ResourceReload-2/WARN]: File cobblemon:sounds/pokemon/ponyta/galarian_ponyta_cry.ogg does not exist, cannot add it to event cobblemon:pokemon.ponyta_galar.cry
[20:34:15] [Worker-ResourceReload-1/INFO]: Found unifont_jp_patch-15.1.05.hex, loading
[20:34:17] [Worker-ResourceReload-2/WARN]: Texture cobblemon:block/decorative/spell_tag with size 8x8 limits mip level from 4 to 3
[20:34:17] [Worker-ResourceReload-2/WARN]: Texture cobblemon_quests:item/poke_ball_icon with size 12x12 limits mip level from 3 to 2
[20:34:17] [Worker-ResourceReload-2/WARN]: minecraft:textures/atlas/blocks.png: dropping miplevel from 4 to 2, because of minimum power of two: 4
[20:34:18] [Worker-Main-1/INFO]: Loaded AmbientEngine 'basic' v3.2.5. 11 dimension(s), 11 features, 11 blockgroups, 2 sound collections, 38 regions, 60 sounds, 12 sound categories, 6 solids and 2 biome types
[20:34:22] [Worker-ResourceReload-1/WARN]: Missing textures in model cobblemon:relic_coin_pouch#inventory:
    minecraft:textures/atlas/blocks.png:cobblemon:block/decorative_items/relic_coin_pouch
[20:34:22] [Render thread/INFO]: Loaded 0 shader modifications
[20:34:22] [Render thread/INFO]: Loaded 11 shaders from: pinwheel/shaders/program
[20:34:22] [Render thread/WARN]: Missing sound for event: minecraft:item.goat_horn.play
[20:34:22] [Render thread/WARN]: Missing sound for event: minecraft:entity.goat.screaming.horn_break
[20:34:22] [Render thread/WARN]: Missing sound for event: cobblemon:ride.loop.leather
[20:34:22] [Render thread/WARN]: Missing sound for event: cobblemon:ride.loop.plumage
[20:34:22] [Render thread/WARN]: Missing sound for event: cobblemontrainerbattle:battle.leader.default
[20:34:22] [Render thread/WARN]: Missing sound for event: cobblemontrainerbattle:battle.elite.default
[20:34:22] [Render thread/WARN]: Missing sound for event: cobblemontrainerbattle:battle.champion.default
[20:34:22] [Render thread/WARN]: Missing sound for event: cobblemontrainerbattle:battle.kanto.default
[20:34:22] [Render thread/WARN]: Missing sound for event: cobblemontrainerbattle:battle.trainer.red
[20:34:22] [Render thread/WARN]: Missing sound for event: cobblemontrainerbattle:battle.trainer.leaf
[20:34:22] [Render thread/WARN]: Missing sound for event: cobblemontrainerbattle:battle.leader.brock
[20:34:22] [Render thread/WARN]: Missing sound for event: cobblemontrainerbattle:battle.leader.misty
[20:34:22] [Render thread/WARN]: Missing sound for event: cobblemontrainerbattle:battle.leader.lt_surge
[20:34:22] [Render thread/WARN]: Missing sound for event: cobblemontrainerbattle:battle.leader.erika
[20:34:22] [Render thread/WARN]: Missing sound for event: cobblemontrainerbattle:battle.leader.koga
[20:34:22] [Render thread/WARN]: Missing sound for event: cobblemontrainerbattle:battle.leader.sabrina
[20:34:22] [Render thread/WARN]: Missing sound for event: cobblemontrainerbattle:battle.leader.blaine
[20:34:22] [Render thread/WARN]: Missing sound for event: cobblemontrainerbattle:battle.leader.giovanni
[20:34:22] [Render thread/WARN]: Missing sound for event: cobblemontrainerbattle:battle.elite.lorelei
[20:34:22] [Render thread/WARN]: Missing sound for event: cobblemontrainerbattle:battle.elite.bruno
[20:34:22] [Render thread/WARN]: Missing sound for event: cobblemontrainerbattle:battle.elite.agatha
[20:34:22] [Render thread/WARN]: Missing sound for event: cobblemontrainerbattle:battle.elite.lance
[20:34:22] [Render thread/WARN]: Missing sound for event: cobblemontrainerbattle:battle.champion.terry
[20:34:22] [Render thread/WARN]: Missing sound for event: cobblemontrainerbattle:battle.johto.default
[20:34:22] [Render thread/WARN]: Missing sound for event: cobblemontrainerbattle:battle.trainer.eusine
[20:34:22] [Render thread/WARN]: Missing sound for event: cobblemontrainerbattle:battle.trainer.silver
[20:34:22] [Render thread/WARN]: Missing sound for event: cobblemontrainerbattle:battle.leader.falkner
[20:34:22] [Render thread/WARN]: Missing sound for event: cobblemontrainerbattle:battle.leader.bugsy
[20:34:22] [Render thread/WARN]: Missing sound for event: cobblemontrainerbattle:battle.leader.whitney
[20:34:22] [Render thread/WARN]: Missing sound for event: cobblemontrainerbattle:battle.leader.morty
[20:34:22] [Render thread/WARN]: Missing sound for event: cobblemontrainerbattle:battle.leader.chuck
[20:34:22] [Render thread/WARN]: Missing sound for event: cobblemontrainerbattle:battle.leader.jasmine
[20:34:22] [Render thread/WARN]: Missing sound for event: cobblemontrainerbattle:battle.leader.pryce
[20:34:22] [Render thread/WARN]: Missing sound for event: cobblemontrainerbattle:battle.leader.clair
[20:34:22] [Render thread/WARN]: Missing sound for event: cobblemontrainerbattle:battle.elite.will
[20:34:22] [Render thread/WARN]: Missing sound for event: cobblemontrainerbattle:battle.elite.koga
[20:34:22] [Render thread/WARN]: Missing sound for event: cobblemontrainerbattle:battle.elite.karen
[20:34:22] [Render thread/WARN]: Missing sound for event: cobblemontrainerbattle:battle.champion.lance
[20:34:22] [Render thread/WARN]: Missing sound for event: cobblemontrainerbattle:battle.hoenn.default
[20:34:22] [Render thread/WARN]: Missing sound for event: cobblemontrainerbattle:battle.leader.roxanne
[20:34:22] [Render thread/WARN]: Missing sound for event: cobblemontrainerbattle:battle.leader.brawly
[20:34:22] [Render thread/WARN]: Missing sound for event: cobblemontrainerbattle:battle.leader.wattson
[20:34:22] [Render thread/WARN]: Missing sound for event: cobblemontrainerbattle:battle.leader.flannery
[20:34:22] [Render thread/WARN]: Missing sound for event: cobblemontrainerbattle:battle.leader.norman
[20:34:22] [Render thread/WARN]: Missing sound for event: cobblemontrainerbattle:battle.leader.winona
[20:34:22] [Render thread/WARN]: Missing sound for event: cobblemontrainerbattle:battle.leader.tate_and_liza
[20:34:22] [Render thread/WARN]: Missing sound for event: cobblemontrainerbattle:battle.leader.juan
[20:34:22] [Render thread/WARN]: Missing sound for event: cobblemontrainerbattle:battle.elite.sidney
[20:34:22] [Render thread/WARN]: Missing sound for event: cobblemontrainerbattle:battle.elite.phoebe
[20:34:22] [Render thread/WARN]: Missing sound for event: cobblemontrainerbattle:battle.elite.glacia
[20:34:22] [Render thread/WARN]: Missing sound for event: cobblemontrainerbattle:battle.elite.drake
[20:34:22] [Render thread/WARN]: Missing sound for event: cobblemontrainerbattle:battle.champion.wallace
[20:34:22] [Render thread/WARN]: Missing sound for event: cobblemontrainerbattle:battle.sinnoh.default
[20:34:22] [Render thread/WARN]: Missing sound for event: cobblemontrainerbattle:battle.leader.roark
[20:34:22] [Render thread/WARN]: Missing sound for event: cobblemontrainerbattle:battle.leader.gardenia
[20:34:22] [Render thread/WARN]: Missing sound for event: cobblemontrainerbattle:battle.leader.maylene
[20:34:22] [Render thread/WARN]: Missing sound for event: cobblemontrainerbattle:battle.leader.crasher_wake
[20:34:22] [Render thread/WARN]: Missing sound for event: cobblemontrainerbattle:battle.leader.fantina
[20:34:22] [Render thread/WARN]: Missing sound for event: cobblemontrainerbattle:battle.leader.byron
[20:34:22] [Render thread/WARN]: Missing sound for event: cobblemontrainerbattle:battle.leader.candice
[20:34:22] [Render thread/WARN]: Missing sound for event: cobblemontrainerbattle:battle.leader.volkner
[20:34:22] [Render thread/WARN]: Missing sound for event: cobblemontrainerbattle:battle.elite.aaron
[20:34:22] [Render thread/WARN]: Missing sound for event: cobblemontrainerbattle:battle.elite.bertha
[20:34:22] [Render thread/WARN]: Missing sound for event: cobblemontrainerbattle:battle.elite.flint
[20:34:22] [Render thread/WARN]: Missing sound for event: cobblemontrainerbattle:battle.elite.lucian
[20:34:22] [Render thread/WARN]: Missing sound for event: cobblemontrainerbattle:battle.champion.cynthia
[20:34:22] [Render thread/WARN]: Missing sound for event: cobblemontrainerbattle:battle.unova.default
[20:34:22] [Render thread/WARN]: Missing sound for event: cobblemontrainerbattle:battle.leader.cilan
[20:34:22] [Render thread/WARN]: Missing sound for event: cobblemontrainerbattle:battle.leader.chili
[20:34:22] [Render thread/WARN]: Missing sound for event: cobblemontrainerbattle:battle.leader.cress
[20:34:22] [Render thread/WARN]: Missing sound for event: cobblemontrainerbattle:battle.leader.lenora
[20:34:22] [Render thread/WARN]: Missing sound for event: cobblemontrainerbattle:battle.leader.burgh
[20:34:22] [Render thread/WARN]: Missing sound for event: cobblemontrainerbattle:battle.leader.elesa
[20:34:22] [Render thread/WARN]: Missing sound for event: cobblemontrainerbattle:battle.leader.clay
[20:34:22] [Render thread/WARN]: Missing sound for event: cobblemontrainerbattle:battle.leader.skyla
[20:34:22] [Render thread/WARN]: Missing sound for event: cobblemontrainerbattle:battle.leader.brycen
[20:34:22] [Render thread/WARN]: Missing sound for event: cobblemontrainerbattle:battle.leader.drayden
[20:34:22] [Render thread/WARN]: Missing sound for event: cobblemontrainerbattle:battle.leader.iris
[20:34:22] [Render thread/WARN]: Missing sound for event: cobblemontrainerbattle:battle.elite.shauntal
[20:34:22] [Render thread/WARN]: Missing sound for event: cobblemontrainerbattle:battle.elite.marshal
[20:34:22] [Render thread/WARN]: Missing sound for event: cobblemontrainerbattle:battle.elite.grimsley
[20:34:22] [Render thread/WARN]: Missing sound for event: cobblemontrainerbattle:battle.elite.caitlin
[20:34:22] [Render thread/WARN]: Missing sound for event: cobblemontrainerbattle:battle.champion.alder
[20:34:22] [Render thread/WARN]: Missing sound for event: cobblemontrainerbattle:battle.leader.cheren
[20:34:22] [Render thread/WARN]: Missing sound for event: cobblemontrainerbattle:battle.leader.roxie
[20:34:22] [Render thread/WARN]: Missing sound for event: cobblemontrainerbattle:battle.leader.marlon
[20:34:22] [Render thread/WARN]: Missing sound for event: cobblemontrainerbattle:battle.champion.iris
[20:34:22] [Render thread/WARN]: Missing sound for event: cobblemontrainerbattle:battle.kalos.default
[20:34:22] [Render thread/WARN]: Missing sound for event: cobblemontrainerbattle:battle.leader.viola
[20:34:22] [Render thread/WARN]: Missing sound for event: cobblemontrainerbattle:battle.leader.grant
[20:34:22] [Render thread/WARN]: Missing sound for event: cobblemontrainerbattle:battle.leader.korrina
[20:34:22] [Render thread/WARN]: Missing sound for event: cobblemontrainerbattle:battle.leader.ramos
[20:34:22] [Render thread/WARN]: Missing sound for event: cobblemontrainerbattle:battle.leader.clemont
[20:34:22] [Render thread/WARN]: Missing sound for event: cobblemontrainerbattle:battle.leader.valerie
[20:34:22] [Render thread/WARN]: Missing sound for event: cobblemontrainerbattle:battle.leader.olympia
[20:34:22] [Render thread/WARN]: Missing sound for event: cobblemontrainerbattle:battle.leader.wulfric
[20:34:22] [Render thread/WARN]: Missing sound for event: cobblemontrainerbattle:battle.elite.malva
[20:34:22] [Render thread/WARN]: Missing sound for event: cobblemontrainerbattle:battle.elite.siebold
[20:34:22] [Render thread/WARN]: Missing sound for event: cobblemontrainerbattle:battle.elite.wikstrom
[20:34:22] [Render thread/WARN]: Missing sound for event: cobblemontrainerbattle:battle.elite.drasna
[20:34:22] [Render thread/WARN]: Missing sound for event: cobblemontrainerbattle:battle.champion.diantha
[20:34:22] [Render thread/WARN]: Missing sound for event: cobblemontrainerbattle:battle.alola.default
[20:34:22] [Render thread/WARN]: Missing sound for event: cobblemontrainerbattle:battle.leader.ilima
[20:34:22] [Render thread/WARN]: Missing sound for event: cobblemontrainerbattle:battle.leader.lana
[20:34:22] [Render thread/WARN]: Missing sound for event: cobblemontrainerbattle:battle.leader.kiawe
[20:34:22] [Render thread/WARN]: Missing sound for event: cobblemontrainerbattle:battle.leader.mallow
[20:34:22] [Render thread/WARN]: Missing sound for event: cobblemontrainerbattle:battle.leader.sophocles
[20:34:22] [Render thread/WARN]: Missing sound for event: cobblemontrainerbattle:battle.leader.mina
[20:34:22] [Render thread/WARN]: Missing sound for event: cobblemontrainerbattle:battle.leader.acerola
[20:34:22] [Render thread/WARN]: Missing sound for event: cobblemontrainerbattle:battle.elite.hala
[20:34:22] [Render thread/WARN]: Missing sound for event: cobblemontrainerbattle:battle.elite.acerola
[20:34:22] [Render thread/WARN]: Missing sound for event: cobblemontrainerbattle:battle.elite.kahili
[20:34:22] [Render thread/WARN]: Missing sound for event: cobblemontrainerbattle:battle.elite.molayne
[20:34:22] [Render thread/WARN]: Missing sound for event: cobblemontrainerbattle:battle.champion.kukui
[20:34:22] [Render thread/WARN]: Missing sound for event: cobblemontrainerbattle:battle.galar.default
[20:34:22] [Render thread/WARN]: Missing sound for event: cobblemontrainerbattle:battle.leader.milo
[20:34:22] [Render thread/WARN]: Missing sound for event: cobblemontrainerbattle:battle.leader.nessa
[20:34:22] [Render thread/WARN]: Missing sound for event: cobblemontrainerbattle:battle.leader.kabu
[20:34:22] [Render thread/WARN]: Missing sound for event: cobblemontrainerbattle:battle.leader.bea
[20:34:22] [Render thread/WARN]: Missing sound for event: cobblemontrainerbattle:battle.leader.allister
[20:34:22] [Render thread/WARN]: Missing sound for event: cobblemontrainerbattle:battle.leader.opal
[20:34:22] [Render thread/WARN]: Missing sound for event: cobblemontrainerbattle:battle.leader.gordie
[20:34:22] [Render thread/WARN]: Missing sound for event: cobblemontrainerbattle:battle.leader.melony
[20:34:22] [Render thread/WARN]: Missing sound for event: cobblemontrainerbattle:battle.leader.piers
[20:34:22] [Render thread/WARN]: Missing sound for event: cobblemontrainerbattle:battle.leader.raihan
[20:34:22] [Render thread/WARN]: Missing sound for event: cobblemontrainerbattle:battle.champion.leon
[20:34:22] [Render thread/WARN]: Missing sound for event: cobblemontrainerbattle:battle.hisui.default
[20:34:22] [Render thread/WARN]: Missing sound for event: cobblemontrainerbattle:battle.paldea.default
[20:34:22] [Render thread/WARN]: Missing sound for event: cobblemontrainerbattle:battle.leader.katy
[20:34:22] [Render thread/WARN]: Missing sound for event: cobblemontrainerbattle:battle.leader.brassius
[20:34:22] [Render thread/WARN]: Missing sound for event: cobblemontrainerbattle:battle.leader.iono
[20:34:22] [Render thread/WARN]: Missing sound for event: cobblemontrainerbattle:battle.leader.kofu
[20:34:22] [Render thread/WARN]: Missing sound for event: cobblemontrainerbattle:battle.leader.larry
[20:34:22] [Render thread/WARN]: Missing sound for event: cobblemontrainerbattle:battle.leader.ryme
[20:34:22] [Render thread/WARN]: Missing sound for event: cobblemontrainerbattle:battle.leader.tulip
[20:34:22] [Render thread/WARN]: Missing sound for event: cobblemontrainerbattle:battle.leader.grusha
[20:34:22] [Render thread/WARN]: Missing sound for event: cobblemontrainerbattle:battle.elite.rika
[20:34:22] [Render thread/WARN]: Missing sound for event: cobblemontrainerbattle:battle.elite.poppy
[20:34:22] [Render thread/WARN]: Missing sound for event: cobblemontrainerbattle:battle.elite.larry
[20:34:22] [Render thread/WARN]: Missing sound for event: cobblemontrainerbattle:battle.elite.hassel
[20:34:22] [Render thread/WARN]: Missing sound for event: cobblemontrainerbattle:battle.champion.geeta
[20:34:22] [Render thread/WARN]: Missing sound for event: cobblemontrainerbattle:battle.elite.crispin
[20:34:22] [Render thread/WARN]: Missing sound for event: cobblemontrainerbattle:battle.elite.amarys
[20:34:22] [Render thread/WARN]: Missing sound for event: cobblemontrainerbattle:battle.elite.lacey
[20:34:22] [Render thread/WARN]: Missing sound for event: cobblemontrainerbattle:battle.elite.drayton
[20:34:22] [Render thread/WARN]: Missing sound for event: cobblemontrainerbattle:battle.champion.kieran
[20:34:22] [Render thread/INFO]: OpenAL initialized on device Built-in Audio Analog Stereo
[20:34:22] [Render thread/INFO]: Initializing Sound Physics
[20:34:22] [Render thread/INFO]: EFX Extension recognized
[20:34:22] [Render thread/INFO]: Max auxiliary sends: 4
[20:34:22] [Render thread/INFO]: Aux slot 1 created
[20:34:22] [Render thread/INFO]: Aux slot 2 created
[20:34:22] [Render thread/INFO]: Aux slot 3 created
[20:34:22] [Render thread/INFO]: Aux slot 4 created
[20:34:22] [Render thread/INFO]: EFX ready
[20:34:22] [Render thread/INFO]: Sound engine started
[20:34:22] [Render thread/INFO]: Created: 2048x2048x2 minecraft:textures/atlas/blocks.png-atlas
[20:34:23] [Render thread/INFO]: Created: 256x256x4 minecraft:textures/atlas/signs.png-atlas
[20:34:23] [Render thread/INFO]: Created: 512x512x4 minecraft:textures/atlas/banner_patterns.png-atlas
[20:34:23] [Render thread/INFO]: Created: 512x512x4 minecraft:textures/atlas/shield_patterns.png-atlas
[20:34:23] [Render thread/INFO]: Created: 2048x1024x4 minecraft:textures/atlas/armor_trims.png-atlas
[20:34:23] [Render thread/INFO]: Created: 512x256x4 minecraft:textures/atlas/chest.png-atlas
[20:34:23] [Render thread/INFO]: Created: 128x128x4 minecraft:textures/atlas/decorated_pot.png-atlas
[20:34:23] [Render thread/INFO]: Created: 512x256x4 minecraft:textures/atlas/beds.png-atlas
[20:34:23] [Render thread/INFO]: Created: 1024x512x4 minecraft:textures/atlas/shulker_boxes.png-atlas
[20:34:23] [Render thread/INFO]: [STDOUT]: Simply Swords: Adding axolotl shoulder feature to client
[20:34:23] [Render thread/INFO]: [STDOUT]: Simply Swords: Adding axolotl shoulder feature to client
[20:34:23] [Render thread/INFO]: Created: 4096x2048x0 minecraft:textures/atlas/particles.png-atlas
[20:34:23] [Render thread/INFO]: Created: 512x256x0 minecraft:textures/atlas/paintings.png-atlas
[20:34:23] [Render thread/INFO]: Created: 256x128x0 minecraft:textures/atlas/mob_effects.png-atlas
[20:34:23] [Render thread/INFO]: Created: 256x256x0 minecraft:textures/atlas/map_decorations.png-atlas
[20:34:23] [Render thread/INFO]: Created: 1024x512x0 minecraft:textures/atlas/gui.png-atlas
[20:34:23] [Render thread/WARN]: Shader cobblemon:particle_add could not find sampler named Sampler2 in the specified shader program.
[20:34:23] [Render thread/WARN]: Shader cobblemon:particle_cutout could not find sampler named Sampler2 in the specified shader program.
[20:34:23] [Render thread/WARN]: Shader cobblemon:particle_add could not find sampler named Sampler2 in the specified shader program.
[20:34:23] [Render thread/WARN]: Shader cobblemon:particle_cutout could not find sampler named Sampler2 in the specified shader program.
[20:34:23] [Render thread/WARN]: Shader rendertype_entity_cutout could not find uniform named IViewRotMat in the specified shader program.
[20:34:23] [Render thread/WARN]: Shader rendertype_entity_translucent could not find uniform named IViewRotMat in the specified shader program.
[20:34:23] [Render thread/WARN]: Shader rendertype_entity_translucent_emissive could not find sampler named Sampler2 in the specified shader program.
[20:34:23] [Render thread/WARN]: Shader moonlight:text_alpha_color could not find uniform named FogShape in the specified shader program.
[20:34:23] [Render thread/WARN]: Resource pack file/Cobblemon Interface v1.6.0.zip is not compatible with font atlas resizing. Temporarily disabling font atlas resizing.
[20:34:23] [Render thread/WARN]: Resource pack file/Cobblemon Interface v1.6.0.zip is not compatible with HUD batching. Temporarily disabling HUD batching.
[20:34:23] [Render thread/WARN]: Shader effective:hypnotize could not find uniform named InSize in the specified shader program.
[20:34:23] [Render thread/WARN]: Shader effective:hypnotize could not find uniform named Frequency in the specified shader program.
[20:34:23] [Render thread/INFO]: Compiled 61 vanilla shaders in 371.6 ms
[20:34:23] [Render thread/INFO]: Loaded 2 ImGui fonts
[20:34:23] [Render thread/INFO]: Built veil:jetbrains_mono
[20:34:23] [Render thread/INFO]: Built veil:remixicon
[20:34:23] [Render thread/INFO]: Loaded 2 framebuffers
[20:34:23] [Render thread/INFO]: Loaded 3 post pipelines
[20:34:23] [Render thread/INFO]: Loaded 0 render types
[20:34:23] [Render thread/INFO]: Created: 128x128x0 cobblemon:textures/atlas/berries.png-atlas
[20:34:23] [Render thread/INFO]: Loading assets...
[20:34:23] [Render thread/INFO]: Loading particle effects...
[20:34:24] [Render thread/INFO]: Loaded 968 particle effects
[20:34:24] [Render thread/INFO]: Loading animations...
[20:34:27] [Render thread/INFO]: Loaded 8805 animations from 975 animation groups
[20:34:27] [Render thread/INFO]: Loading varying Bedrock assets...
[20:34:28] [Render thread/INFO]: Loaded 1150 models.
[20:34:28] [Render thread/INFO]: Loaded 1041 posers.
[20:34:28] [Render thread/INFO]: Loaded 2818 variations.
[20:34:28] [Render thread/INFO]: Loaded 72 berry models
[20:34:28] [Render thread/INFO]: Loaded 5 misc models
[20:34:28] [Render thread/INFO]: Loaded assets
[20:34:28] [Render thread/WARN]: Sound registered for unknown block id minecraft:pale_oak_planks
[20:34:28] [Render thread/WARN]: Sound registered for unknown block id minecraft:pale_oak_log
[20:34:28] [Render thread/WARN]: Sound registered for unknown block id minecraft:creaking_heart
[20:34:28] [Render thread/WARN]: Sound registered for unknown block id minecraft:stripped_pale_oak_log
[20:34:28] [Render thread/WARN]: Sound registered for unknown block id minecraft:stripped_pale_oak_wood
[20:34:28] [Render thread/WARN]: Sound registered for unknown block id minecraft:pale_oak_wood
[20:34:28] [Render thread/WARN]: Sound registered for unknown block id minecraft:pale_oak_leaves
[20:34:28] [Render thread/WARN]: Sound registered for unknown block id minecraft:pale_oak_slab
[20:34:28] [Render thread/WARN]: Sound registered for unknown block id minecraft:pale_oak_pressure_plate
[20:34:28] [Render thread/WARN]: Sound registered for unknown block id minecraft:pale_moss_block
[20:34:28] [Render thread/WARN]: Sound registered for unknown block id minecraft:pale_moss_carpet
[20:34:28] [Render thread/WARN]: Sound registered for unknown block id minecraft:pale_moss_carpet
[20:34:28] [Render thread/WARN]: Sound registered for unknown block id minecraft:pale_hanging_moss
[20:34:28] [Render thread/WARN]: Sound registered for unknown block id minecraft:pale_hanging_moss
[20:34:28] [Render thread/WARN]: Sound registered for unknown block id minecraft:pale_hanging_moss
[20:34:28] [Render thread/WARN]: Sound registered for unknown block id minecraft:pale_oak_stairs
[20:34:28] [Render thread/WARN]: Sound registered for unknown block id minecraft:pale_oak_button
[20:34:28] [Render thread/WARN]: Sound registered for unknown block id minecraft:resin_clump
[20:34:28] [Render thread/WARN]: Sound registered for unknown block id minecraft:resin_clump
[20:34:28] [Render thread/WARN]: Sound registered for unknown block id minecraft:resin_clump
[20:34:28] [Render thread/WARN]: Sound registered for unknown block id minecraft:resin_block
[20:34:28] [Render thread/WARN]: Sound registered for unknown block id minecraft:resin_bricks
[20:34:28] [Render thread/WARN]: Sound registered for unknown block id minecraft:resin_brick_stairs
[20:34:28] [Render thread/WARN]: Sound registered for unknown block id minecraft:resin_brick_slab
[20:34:28] [Render thread/WARN]: Sound registered for unknown block id minecraft:resin_brick_wall
[20:34:28] [Render thread/WARN]: Sound registered for unknown block id minecraft:chiseled_resin_bricks
[20:34:28] [Render thread/WARN]: Locomotion registered for unknown entity type minecraft:creaking
[20:34:28] [Render thread/INFO]: [SimplyTooltips] Loaded 32 theme(s)
[20:34:28] [Render thread/INFO]: [SimplyTooltips] Loaded 108 item theme(s), 108 item badge override(s), 27 tag entries
[20:34:28] [Render thread/INFO]: Loaded 5 quasar particles
[20:35:35] [Render thread/INFO]: Flushed changes to Minecraft configuration
[20:35:45] [Render thread/ERROR]: Can't ping ChiWideMC.aternos.me:27458: Internal Exception: java.net.SocketException: Connection reset
[20:35:48] [Render thread/INFO]: Connecting to 103.77.242.160, 25560
[20:35:49] [Netty Epoll Client IO #0/INFO]: Received config sync packet
[20:35:49] [Netty Epoll Client IO #0/INFO]: Decoded Weapon Attribute registry in 3 string chunks
[20:35:49] [Render thread/INFO]: Saved config general to file /home/huydoctai/.minecraft/config/simplyswords/general.toml
[20:35:49] [Render thread/INFO]: Saved config status_effects to file /home/huydoctai/.minecraft/config/simplyswords/status_effects.toml
[20:35:49] [Render thread/INFO]: Saved config config to file /home/huydoctai/.minecraft/config/simplytooltips/config.toml
[20:35:49] [Render thread/INFO]: Saved config unique_effects to file /home/huydoctai/.minecraft/config/simplyswords/unique_effects.toml
[20:35:49] [Render thread/INFO]: Saved config weapon_attributes to file /home/huydoctai/.minecraft/config/simplyswords/weapon_attributes.toml
[20:35:49] [Render thread/INFO]: Saved config gem_powers to file /home/huydoctai/.minecraft/config/simplyswords/gem_powers.toml
[20:35:50] [Render thread/INFO]: [EMI] Recipes synchronized, waiting for tags to reload EMI...
[20:35:51] [ForkJoinPool.commonPool-worker-1/INFO]: [STDERR]: java.net.UnknownHostException: jochzgtpyiakdeivfxeq.supabase.co
[20:35:51] [ForkJoinPool.commonPool-worker-1/INFO]: [STDERR]: 	at java.base/sun.nio.ch.NioSocketImpl.connect(NioSocketImpl.java:567)
[20:35:51] [ForkJoinPool.commonPool-worker-1/INFO]: [STDERR]: 	at java.base/java.net.SocksSocketImpl.connect(SocksSocketImpl.java:327)
[20:35:51] [ForkJoinPool.commonPool-worker-1/INFO]: [STDERR]: 	at java.base/java.net.Socket.connect(Socket.java:751)
[20:35:51] [ForkJoinPool.commonPool-worker-1/INFO]: [STDERR]: 	at java.base/sun.security.ssl.SSLSocketImpl.connect(SSLSocketImpl.java:304)
[20:35:51] [ForkJoinPool.commonPool-worker-1/INFO]: [STDERR]: 	at java.base/sun.net.NetworkClient.doConnect(NetworkClient.java:178)
[20:35:51] [ForkJoinPool.commonPool-worker-1/INFO]: [STDERR]: 	at java.base/sun.net.www.http.HttpClient.openServer(HttpClient.java:531)
[20:35:51] [ForkJoinPool.commonPool-worker-1/INFO]: [STDERR]: 	at java.base/sun.net.www.http.HttpClient.openServer(HttpClient.java:636)
[20:35:51] [ForkJoinPool.commonPool-worker-1/INFO]: [STDERR]: 	at java.base/sun.net.www.protocol.https.HttpsClient.<init>(HttpsClient.java:264)
[20:35:51] [ForkJoinPool.commonPool-worker-1/INFO]: [STDERR]: 	at java.base/sun.net.www.protocol.https.HttpsClient.New(HttpsClient.java:377)
[20:35:51] [ForkJoinPool.commonPool-worker-1/INFO]: [STDERR]: 	at java.base/sun.net.www.protocol.https.AbstractDelegateHttpsURLConnection.getNewHttpClient(AbstractDelegateHttpsURLConnection.java:193)
[20:35:51] [ForkJoinPool.commonPool-worker-1/INFO]: [STDERR]: 	at java.base/sun.net.www.protocol.http.HttpURLConnection.plainConnect0(HttpURLConnection.java:1252)
[20:35:51] [ForkJoinPool.commonPool-worker-1/INFO]: [STDERR]: 	at java.base/sun.net.www.protocol.http.HttpURLConnection.plainConnect(HttpURLConnection.java:1138)
[20:35:51] [ForkJoinPool.commonPool-worker-1/INFO]: [STDERR]: 	at java.base/sun.net.www.protocol.https.AbstractDelegateHttpsURLConnection.connect(AbstractDelegateHttpsURLConnection.java:179)
[20:35:51] [ForkJoinPool.commonPool-worker-1/INFO]: [STDERR]: 	at java.base/sun.net.www.protocol.https.HttpsURLConnectionImpl.connect(HttpsURLConnectionImpl.java:141)
[20:35:51] [ForkJoinPool.commonPool-worker-1/INFO]: [STDERR]: 	at knot//com.stereowalker.unionlib.supporter.Cosmetics.lambda$obtainCosmetics$15(Cosmetics.java:298)
[20:35:51] [ForkJoinPool.commonPool-worker-1/INFO]: [STDERR]: 	at java.base/java.util.concurrent.CompletableFuture$AsyncRun.run(CompletableFuture.java:1804)
[20:35:51] [ForkJoinPool.commonPool-worker-1/INFO]: [STDERR]: 	at java.base/java.util.concurrent.CompletableFuture$AsyncRun.exec(CompletableFuture.java:1796)
[20:35:51] [ForkJoinPool.commonPool-worker-1/INFO]: [STDERR]: 	at java.base/java.util.concurrent.ForkJoinTask.doExec(ForkJoinTask.java:387)
[20:35:51] [ForkJoinPool.commonPool-worker-1/INFO]: [STDERR]: 	at java.base/java.util.concurrent.ForkJoinPool$WorkQueue.topLevelExec(ForkJoinPool.java:1312)
[20:35:51] [ForkJoinPool.commonPool-worker-1/INFO]: [STDERR]: 	at java.base/java.util.concurrent.ForkJoinPool.scan(ForkJoinPool.java:1843)
[20:35:51] [ForkJoinPool.commonPool-worker-1/INFO]: [STDERR]: 	at java.base/java.util.concurrent.ForkJoinPool.runWorker(ForkJoinPool.java:1808)
[20:35:51] [ForkJoinPool.commonPool-worker-1/INFO]: [STDERR]: 	at java.base/java.util.concurrent.ForkJoinWorkerThread.run(ForkJoinWorkerThread.java:188)
[20:35:51] [ForkJoinPool.commonPool-worker-1/INFO]: [STDERR]: java.net.UnknownHostException: jochzgtpyiakdeivfxeq.supabase.co
[20:35:51] [ForkJoinPool.commonPool-worker-1/INFO]: [STDERR]: 	at java.base/sun.nio.ch.NioSocketImpl.connect(NioSocketImpl.java:567)
[20:35:51] [ForkJoinPool.commonPool-worker-1/INFO]: [STDERR]: 	at java.base/java.net.SocksSocketImpl.connect(SocksSocketImpl.java:327)
[20:35:51] [ForkJoinPool.commonPool-worker-1/INFO]: [STDERR]: 	at java.base/java.net.Socket.connect(Socket.java:751)
[20:35:51] [ForkJoinPool.commonPool-worker-1/INFO]: [STDERR]: 	at java.base/sun.security.ssl.SSLSocketImpl.connect(SSLSocketImpl.java:304)
[20:35:51] [ForkJoinPool.commonPool-worker-1/INFO]: [STDERR]: 	at java.base/sun.net.NetworkClient.doConnect(NetworkClient.java:178)
[20:35:51] [ForkJoinPool.commonPool-worker-1/INFO]: [STDERR]: 	at java.base/sun.net.www.http.HttpClient.openServer(HttpClient.java:531)
[20:35:51] [ForkJoinPool.commonPool-worker-1/INFO]: [STDERR]: 	at java.base/sun.net.www.http.HttpClient.openServer(HttpClient.java:636)
[20:35:51] [ForkJoinPool.commonPool-worker-1/INFO]: [STDERR]: 	at java.base/sun.net.www.protocol.https.HttpsClient.<init>(HttpsClient.java:264)
[20:35:51] [ForkJoinPool.commonPool-worker-1/INFO]: [STDERR]: 	at java.base/sun.net.www.protocol.https.HttpsClient.New(HttpsClient.java:377)
[20:35:51] [ForkJoinPool.commonPool-worker-1/INFO]: [STDERR]: 	at java.base/sun.net.www.protocol.https.AbstractDelegateHttpsURLConnection.getNewHttpClient(AbstractDelegateHttpsURLConnection.java:193)
[20:35:51] [ForkJoinPool.commonPool-worker-1/INFO]: [STDERR]: 	at java.base/sun.net.www.protocol.http.HttpURLConnection.plainConnect0(HttpURLConnection.java:1252)
[20:35:51] [ForkJoinPool.commonPool-worker-1/INFO]: [STDERR]: 	at java.base/sun.net.www.protocol.http.HttpURLConnection.plainConnect(HttpURLConnection.java:1138)
[20:35:51] [ForkJoinPool.commonPool-worker-1/INFO]: [STDERR]: 	at java.base/sun.net.www.protocol.https.AbstractDelegateHttpsURLConnection.connect(AbstractDelegateHttpsURLConnection.java:179)
[20:35:51] [ForkJoinPool.commonPool-worker-1/INFO]: [STDERR]: 	at java.base/sun.net.www.protocol.https.HttpsURLConnectionImpl.connect(HttpsURLConnectionImpl.java:141)
[20:35:51] [ForkJoinPool.commonPool-worker-1/INFO]: [STDERR]: 	at knot//com.stereowalker.unionlib.supporter.Cosmetics.lambda$obtainCosmetics$15(Cosmetics.java:298)
[20:35:51] [ForkJoinPool.commonPool-worker-1/INFO]: [STDERR]: 	at java.base/java.util.concurrent.CompletableFuture$AsyncRun.run(CompletableFuture.java:1804)
[20:35:51] [ForkJoinPool.commonPool-worker-1/INFO]: [STDERR]: 	at java.base/java.util.concurrent.CompletableFuture$AsyncRun.exec(CompletableFuture.java:1796)
[20:35:51] [ForkJoinPool.commonPool-worker-1/INFO]: [STDERR]: 	at java.base/java.util.concurrent.ForkJoinTask.doExec(ForkJoinTask.java:387)
[20:35:51] [ForkJoinPool.commonPool-worker-1/INFO]: [STDERR]: 	at java.base/java.util.concurrent.ForkJoinPool$WorkQueue.topLevelExec(ForkJoinPool.java:1312)
[20:35:51] [ForkJoinPool.commonPool-worker-1/INFO]: [STDERR]: 	at java.base/java.util.concurrent.ForkJoinPool.scan(ForkJoinPool.java:1843)
[20:35:51] [ForkJoinPool.commonPool-worker-1/INFO]: [STDERR]: 	at java.base/java.util.concurrent.ForkJoinPool.runWorker(ForkJoinPool.java:1808)
[20:35:51] [ForkJoinPool.commonPool-worker-1/INFO]: [STDERR]: 	at java.base/java.util.concurrent.ForkJoinWorkerThread.run(ForkJoinWorkerThread.java:188)
[20:35:51] [Render thread/INFO]: Reloading pipeline on dimension change: minecraft:overworld => minecraft:overworld
[20:35:51] [Render thread/INFO]: Destroying pipeline minecraft:overworld
[20:35:51] [Render thread/INFO]: Creating pipeline for dimension minecraft:overworld
[20:35:52] [Render thread/INFO]: Started 1 worker threads
[20:35:52] [Render thread/INFO]: [EMI] Joining server, EMI waiting for data from server...
[20:35:52] [Render thread/INFO]: REGISTERING FABRIC CLIENT COMMANDS
[20:35:52] [Render thread/INFO]: [Inventory Profiles Next] Loaded 0 external GUI hints
[20:35:52] [Render thread/INFO]: [Inventory Profiles Next] Loaded 803 build-in GUI hints
[20:35:52] [Render thread/INFO]: [Inventory Profiles Next] Effective GUI hints after merge: 803
[20:35:52] [Render thread/INFO]: Synced map_atlases-common.json configs
[20:35:52] [Render thread/INFO]: Synced moonlight-common.json configs
[20:35:52] [Render thread/INFO]: Loaded 15 fossils
[20:35:52] [Render thread/INFO]: Loaded 168 marks
[20:35:52] [Render thread/INFO]: Loaded 70 berries
[20:35:52] [Render thread/INFO]: [EMI] Tags synchronized, reloading EMI
[20:35:52] [Render thread/INFO]: [EMI] Starting Reload
[20:35:53] [Thread-18/INFO]: [EMI] Starting EMI reload...
[20:35:53] [Thread-18/INFO]: [EMI] Clearing data
[20:35:53] [REI-ReloadPlugins/INFO]: [REI] @@@@@@@@@@@@@@@@@@@@@@@@@@@@@@@@@@@@@@@@
[20:35:53] [REI-ReloadPlugins/INFO]: [REI] REIPlugin starting main-reload for START.
[20:35:53] [REI-ReloadPlugins/INFO]: [REI] Plugins (10):
[20:35:53] [REI-ReloadPlugins/INFO]: [REI]  - (-100,00) DefaultClientPlugin of DefaultClientPlugin [roughlyenoughitems]
[20:35:53] [REI-ReloadPlugins/INFO]: [REI]  - (-100,00) DefaultPlugin of DefaultPlugin [roughlyenoughitems]
[20:35:53] [REI-ReloadPlugins/INFO]: [REI]  - (0,00) FabricFluidAPISupportPlugin
[20:35:53] [REI-ReloadPlugins/INFO]: [REI]  - (0,00) RoughlyEnoughItemsIntegration of RoughlyEnoughItemsIntegration [waystones]
[20:35:53] [REI-ReloadPlugins/INFO]: [REI]  - (0,00) ReiClientCompat of ReiClientCompat [travelersbackpack]
[20:35:53] [REI-ReloadPlugins/INFO]: [REI]  - (0,00) HideIngredientsFromTagsPlugin of HideIngredientsFromTagsPlugin [roughlyenoughitems]
[20:35:53] [REI-ReloadPlugins/INFO]: [REI]  - (0,00) DefaultClientRuntimePlugin of DefaultClientRuntimePlugin [roughlyenoughitems]
[20:35:53] [REI-ReloadPlugins/INFO]: [REI]  - (0,00) REICompat of REICompat [map_atlases]
[20:35:53] [REI-ReloadPlugins/INFO]: [REI]  - (0,00) REIIntegration of REIIntegration [ftblibrary]
[20:35:53] [REI-ReloadPlugins/INFO]: [REI]  - (0,00) DefaultRuntimePlugin of DefaultRuntimePlugin [roughlyenoughitems]
[20:35:53] [REI-ReloadPlugins/INFO]: [REI] @@@@@@@@@@@@@@@@@@@@@@@@@@@@@@@@@@@@@@@@
[20:35:53] [Render thread/WARN]: [REI] Found 1 existing reload task(s) after trying to terminate them!
[20:35:53] [REI-ReloadPlugins/INFO]: [REI] ****************************************
[20:35:53] [REI-ReloadPlugins/INFO]: [REI] REIClientPlugin starting main-reload for START.
[20:35:53] [REI-ReloadPlugins/INFO]: [REI] Plugins (7):
[20:35:53] [REI-ReloadPlugins/INFO]: [REI]  - (-100,00) DefaultClientPlugin of DefaultClientPlugin [roughlyenoughitems]
[20:35:53] [REI-ReloadPlugins/INFO]: [REI]  - (0,00) RoughlyEnoughItemsIntegration of RoughlyEnoughItemsIntegration [waystones]
[20:35:53] [REI-ReloadPlugins/INFO]: [REI]  - (0,00) ReiClientCompat of ReiClientCompat [travelersbackpack]
[20:35:53] [REI-ReloadPlugins/INFO]: [REI]  - (0,00) HideIngredientsFromTagsPlugin of HideIngredientsFromTagsPlugin [roughlyenoughitems]
[20:35:53] [REI-ReloadPlugins/INFO]: [REI]  - (0,00) DefaultClientRuntimePlugin of DefaultClientRuntimePlugin [roughlyenoughitems]
[20:35:53] [REI-ReloadPlugins/INFO]: [REI]  - (0,00) REICompat of REICompat [map_atlases]
[20:35:53] [REI-ReloadPlugins/INFO]: [REI]  - (0,00) REIIntegration of REIIntegration [ftblibrary]
[20:35:53] [REI-ReloadPlugins/INFO]: [REI] ****************************************
[20:35:53] [Thread-18/INFO]: [EMI] Initializing plugin from emi
[20:35:53] [Thread-18/INFO]: [EMI] Initialized plugin from emi in 39ms
[20:35:53] [Thread-18/INFO]: [EMI] Initializing plugin from bclib
[20:35:53] [Thread-18/INFO]: [EMI] Initialized plugin from bclib in 0ms
[20:35:53] [Thread-18/INFO]: [EMI] Initializing plugin from ftblibrary
[20:35:53] [Thread-18/INFO]: [EMI] Initialized plugin from ftblibrary in 0ms
[20:35:53] [Thread-18/INFO]: [EMI] Initializing plugin from map_atlases
[20:35:53] [Thread-18/INFO]: [EMI] Initialized plugin from map_atlases in 0ms
[20:35:53] [Thread-18/INFO]: [EMI] Initializing plugin from travelersbackpack
[20:35:53] [Thread-18/INFO]: [EMI] Initialized plugin from travelersbackpack in 0ms
[20:35:53] [Thread-18/INFO]: [EMI] Processing tags
[20:35:53] [Thread-18/INFO]: [EMI] Constructing index
[20:35:53] [Render thread/INFO]: Read 617 bytes, 1 objects
[20:35:53] [Render thread/INFO]: Loaded 36 advancements
[20:35:53] [Thread-18/INFO]: [EMI] Reloading item groups on client thread...
[20:35:53] [Render thread/WARN]: Unable to play empty soundEvent: minecraft:entity.tropical_fish.ambient
[20:35:53] [Render thread/INFO]: Received config from the server: {}
[20:35:53] [Render thread/INFO]: Syncing config from server to client...
[20:35:54] [Thread-18/INFO]: [EMI] Reloading item groups on client thread took 624ms
[20:35:54] [Thread-18/INFO]: [EMI] Loading plugin from emi
[20:35:54] [cobblemon Datafixer Bootstrap/INFO]: 4 Datafixer optimizations took 22 milliseconds
[20:35:55] [Render thread/INFO]: [STDOUT]: Lithium Cached BlockState Flags are disabled!
[20:35:55] [REI-ReloadPlugins/INFO]: [REI] OOOOOOOOOOOOOOOOOOOOOOOOOOOOOOOOOOOOOOOO
[20:35:55] [REI-ReloadPlugins/INFO]: [REI] REIServerPlugin starting main-reload for START.
[20:35:55] [REI-ReloadPlugins/INFO]: [REI] Plugins (3):
[20:35:55] [REI-ReloadPlugins/INFO]: [REI]  - (-100,00) DefaultPlugin of DefaultPlugin [roughlyenoughitems]
[20:35:55] [REI-ReloadPlugins/INFO]: [REI]  - (0,00) FabricFluidAPISupportPlugin
[20:35:55] [REI-ReloadPlugins/INFO]: [REI]  - (0,00) DefaultRuntimePlugin of DefaultRuntimePlugin [roughlyenoughitems]
[20:35:55] [REI-ReloadPlugins/INFO]: [REI] OOOOOOOOOOOOOOOOOOOOOOOOOOOOOOOOOOOOOOOO
[20:35:55] [REI-ReloadPlugins/INFO]: [REI] REIPlugin finished post-reload for START in 4.324 ms, totaling 171.2 ms.
[20:35:55] [REI-ReloadPlugins/INFO]: [REI] REIClientPlugin finished post-reload for START in 4.132 ms, totaling 2.288 s.
[20:35:55] [REI-ReloadPlugins/INFO]: [REI] REIServerPlugin finished post-reload for START in 625.2 μs, totaling 6.785 ms.
[20:35:55] [REI-ReloadPlugins/INFO]: [REI] ----------------------------------------
[20:35:55] [REI-ReloadPlugins/INFO]: [REI] REIPlugin starting main-reload for END.
[20:35:55] [REI-ReloadPlugins/INFO]: [REI] Plugins (10):
[20:35:55] [REI-ReloadPlugins/INFO]: [REI]  - (-100,00) DefaultClientPlugin of DefaultClientPlugin [roughlyenoughitems]
[20:35:55] [REI-ReloadPlugins/INFO]: [REI]  - (-100,00) DefaultPlugin of DefaultPlugin [roughlyenoughitems]
[20:35:55] [REI-ReloadPlugins/INFO]: [REI]  - (0,00) FabricFluidAPISupportPlugin
[20:35:55] [REI-ReloadPlugins/INFO]: [REI]  - (0,00) RoughlyEnoughItemsIntegration of RoughlyEnoughItemsIntegration [waystones]
[20:35:55] [REI-ReloadPlugins/INFO]: [REI]  - (0,00) ReiClientCompat of ReiClientCompat [travelersbackpack]
[20:35:55] [REI-ReloadPlugins/INFO]: [REI]  - (0,00) HideIngredientsFromTagsPlugin of HideIngredientsFromTagsPlugin [roughlyenoughitems]
[20:35:55] [REI-ReloadPlugins/INFO]: [REI]  - (0,00) DefaultClientRuntimePlugin of DefaultClientRuntimePlugin [roughlyenoughitems]
[20:35:55] [REI-ReloadPlugins/INFO]: [REI]  - (0,00) REICompat of REICompat [map_atlases]
[20:35:55] [REI-ReloadPlugins/INFO]: [REI]  - (0,00) REIIntegration of REIIntegration [ftblibrary]
[20:35:55] [REI-ReloadPlugins/INFO]: [REI]  - (0,00) DefaultRuntimePlugin of DefaultRuntimePlugin [roughlyenoughitems]
[20:35:55] [REI-ReloadPlugins/INFO]: [REI] ----------------------------------------
[20:35:55] [REI-ReloadPlugins/INFO]: [REI] ****************************************
[20:35:55] [REI-ReloadPlugins/INFO]: [REI] REIClientPlugin starting main-reload for END.
[20:35:55] [REI-ReloadPlugins/INFO]: [REI] Plugins (7):
[20:35:55] [REI-ReloadPlugins/INFO]: [REI]  - (-100,00) DefaultClientPlugin of DefaultClientPlugin [roughlyenoughitems]
[20:35:55] [REI-ReloadPlugins/INFO]: [REI]  - (0,00) RoughlyEnoughItemsIntegration of RoughlyEnoughItemsIntegration [waystones]
[20:35:55] [REI-ReloadPlugins/INFO]: [REI]  - (0,00) ReiClientCompat of ReiClientCompat [travelersbackpack]
[20:35:55] [REI-ReloadPlugins/INFO]: [REI]  - (0,00) HideIngredientsFromTagsPlugin of HideIngredientsFromTagsPlugin [roughlyenoughitems]
[20:35:55] [REI-ReloadPlugins/INFO]: [REI]  - (0,00) DefaultClientRuntimePlugin of DefaultClientRuntimePlugin [roughlyenoughitems]
[20:35:55] [REI-ReloadPlugins/INFO]: [REI]  - (0,00) REICompat of REICompat [map_atlases]
[20:35:55] [REI-ReloadPlugins/INFO]: [REI]  - (0,00) REIIntegration of REIIntegration [ftblibrary]
[20:35:55] [REI-ReloadPlugins/INFO]: [REI] ****************************************
[20:35:56] [Thread-18/INFO]: [EMI] Reloaded plugin from emi in 1967ms
[20:35:56] [Thread-18/INFO]: [EMI] Loading plugin from bclib
[20:35:56] [Thread-18/ERROR]: Exception loading plugin provided by bclib
java.lang.NullPointerException: Cannot invoke "net.minecraft.class_5455.method_30530(net.minecraft.class_5321)" because the return value of "org.betterx.wover.state.api.WorldState.allStageRegistryAccess()" is null
	at knot/org.betterx.bclib.recipes.AnvilRecipe.getAllHammers(AnvilRecipe.java:112) ~[bclib-21.0.13.jar:?]
	at knot/org.betterx.bclib.integration.emi.EMIAnvilRecipe.addAllRecipes(EMIAnvilRecipe.java:48) ~[bclib-21.0.13.jar:?]
	at knot/org.betterx.bclib.integration.emi.EMIPlugin.register(EMIPlugin.java:117) ~[bclib-21.0.13.jar:?]
	at knot/dev.emi.emi.runtime.EmiReloadManager$ReloadWorker.run(EmiReloadManager.java:195) ~[emi-1.1.24+1.21.1+fabric.jar:?]
	at java.base/java.lang.Thread.run(Thread.java:1583) [?:?]
[20:35:56] [Thread-18/INFO]: [EMI] Loading plugin from ftblibrary
[20:35:56] [Thread-18/INFO]: [EMI] Reloaded plugin from ftblibrary in 3ms
[20:35:56] [Thread-18/INFO]: [EMI] Loading plugin from map_atlases
[20:35:56] [Thread-18/INFO]: [EMI] Reloaded plugin from map_atlases in 14ms
[20:35:56] [Thread-18/INFO]: [EMI] Loading plugin from travelersbackpack
[20:35:56] [Thread-18/INFO]: [EMI] Reloaded plugin from travelersbackpack in 6ms
[20:35:56] [Thread-18/INFO]: [EMI] Baking index
[20:35:56] [Thread-18/INFO]: [EMI] Registering late recipes
[20:35:56] [Thread-18/INFO]: [EMI] Baking recipes
[20:35:57] [Render thread/INFO]: Texture Multi-Bind supported, using core
[20:35:57] [Thread-18/INFO]: [EMI] Baked 7471 recipes in 785ms
[20:35:57] [Thread-18/INFO]: [EMI] Baking search
[20:35:57] [Render thread/WARN]: Shader rendertype_entity_translucent could not find uniform named IViewRotMat in the specified shader program.
[20:35:57] [Render thread/ERROR]: Mismatched begin/end during frame
[20:35:57] [Thread-24/INFO]: [EMI] Baked recipes after reload in 510ms
[20:35:58] [Render thread/WARN]: Time from main menu to in-game was 9.629802 seconds
[20:35:58] [Render thread/WARN]: Total time to load game and open world was 62.144802 seconds
[20:35:59] [Thread-18/INFO]: [EMI] Finishing up
[20:35:59] [Thread-18/INFO]: [EMI] Reloaded EMI in 6415ms
[20:35:59] [Render thread/WARN]: Shader rendertype_entity_cutout could not find uniform named IViewRotMat in the specified shader program.
[20:36:00] [Chunk Render Task Executor #0/ERROR]: Chunk build failed
java.lang.NoSuchMethodError: 'net.caffeinemc.mods.sodium.client.gui.SodiumOptions net.caffeinemc.mods.sodium.client.SodiumClientMod.options()'
	at knot/ca.fxco.moreculling.utils.CullingUtils.areLeavesOpaque(CullingUtils.java:93) ~[moreculling-fabric-1.21.1-1.0.8.jar:?]
	at knot/net.minecraft.class_2397.method_9522(class_2397.java:1038) ~[client-intermediary.jar:?]
	at knot/net.minecraft.class_4970$class_4971.method_26187(class_4970.java:1050) ~[client-intermediary.jar:?]
	at knot/ca.fxco.moreculling.utils.CullingUtils.shouldDrawSideCulling(CullingUtils.java:37) ~[moreculling-fabric-1.21.1-1.0.8.jar:?]
	at knot/net.caffeinemc.mods.sodium.client.render.chunk.compile.pipeline.BlockOcclusionCache.handler$egg000$moreculling$useMoreCulling(BlockOcclusionCache.java:541) ~[sodium-fabric-0.6.13+mc1.21.1.jar:?]
	at knot/net.caffeinemc.mods.sodium.client.render.chunk.compile.pipeline.BlockOcclusionCache.shouldDrawSide(BlockOcclusionCache.java:44) ~[sodium-fabric-0.6.13+mc1.21.1.jar:?]
	at knot/net.caffeinemc.mods.sodium.client.render.frapi.render.AbstractBlockRenderContext.isFaceCulled(AbstractBlockRenderContext.java:145) ~[sodium-fabric-0.6.13+mc1.21.1.jar:?]
	at knot/me.pepperbell.continuity.client.model.EmissiveBakedModel$EmissiveBlockQuadTransform.transform(EmissiveBakedModel.java:136) ~[continuity-3.0.0+1.21.jar:?]
	at knot/net.caffeinemc.mods.sodium.client.render.frapi.render.AbstractRenderContext.transform(AbstractRenderContext.java:47) ~[sodium-fabric-0.6.13+mc1.21.1.jar:?]
	at knot/net.caffeinemc.mods.sodium.client.render.frapi.render.AbstractBlockRenderContext.renderQuad(AbstractBlockRenderContext.java:172) ~[sodium-fabric-0.6.13+mc1.21.1.jar:?]
	at knot/net.caffeinemc.mods.sodium.client.render.frapi.render.AbstractBlockRenderContext.bufferDefaultModel(AbstractBlockRenderContext.java:256) ~[sodium-fabric-0.6.13+mc1.21.1.jar:?]
	at knot/net.minecraft.class_1087.emitBlockQuads(class_1087.java:1521) ~[client-intermediary.jar:?]
	at knot/net.fabricmc.fabric.api.renderer.v1.model.ForwardingBakedModel.emitBlockQuads(ForwardingBakedModel.java:58) ~[fabric-renderer-api-v1-3.4.1+b4d813fc19-62f686431be9201e.jar:?]
	at knot/me.pepperbell.continuity.client.model.EmissiveBakedModel.emitBlockQuads(EmissiveBakedModel.java:64) ~[continuity-3.0.0+1.21.jar:?]
	at knot/net.fabricmc.fabric.api.renderer.v1.model.ForwardingBakedModel.emitBlockQuads(ForwardingBakedModel.java:58) ~[fabric-renderer-api-v1-3.4.1+b4d813fc19-62f686431be9201e.jar:?]
	at knot/me.pepperbell.continuity.client.model.EmissiveBakedModel.emitBlockQuads(EmissiveBakedModel.java:72) ~[continuity-3.0.0+1.21.jar:?]
	at knot/net.caffeinemc.mods.sodium.client.render.chunk.compile.pipeline.BlockRenderer.renderModel(BlockRenderer.java:119) ~[sodium-fabric-0.6.13+mc1.21.1.jar:?]
	at knot/net.caffeinemc.mods.sodium.client.render.chunk.compile.tasks.ChunkBuilderMeshingTask.execute(ChunkBuilderMeshingTask.java:112) ~[sodium-fabric-0.6.13+mc1.21.1.jar:?]
	at knot/net.caffeinemc.mods.sodium.client.render.chunk.compile.tasks.ChunkBuilderMeshingTask.execute(ChunkBuilderMeshingTask.java:50) ~[sodium-fabric-0.6.13+mc1.21.1.jar:?]
	at knot/net.caffeinemc.mods.sodium.client.render.chunk.compile.executor.ChunkJobTyped.execute(ChunkJobTyped.java:45) ~[sodium-fabric-0.6.13+mc1.21.1.jar:?]
	at knot/net.caffeinemc.mods.sodium.client.render.chunk.compile.executor.ChunkBuilder$WorkerRunnable.run(ChunkBuilder.java:213) ~[sodium-fabric-0.6.13+mc1.21.1.jar:?]
	at java.base/java.lang.Thread.run(Thread.java:1583) [?:?]
[20:36:00] [Render thread/ERROR]: Unreported exception thrown!
java.lang.RuntimeException: Exception thrown while executing job
	at knot/net.caffeinemc.mods.sodium.client.render.chunk.compile.executor.ChunkJobResult.unwrap(ChunkJobResult.java:27) ~[sodium-fabric-0.6.13+mc1.21.1.jar:?]
	at knot/net.caffeinemc.mods.sodium.client.render.chunk.RenderSectionManager.collectChunkBuildResults(RenderSectionManager.java:385) ~[sodium-fabric-0.6.13+mc1.21.1.jar:?]
	at knot/net.caffeinemc.mods.sodium.client.render.chunk.RenderSectionManager.uploadChunks(RenderSectionManager.java:296) ~[sodium-fabric-0.6.13+mc1.21.1.jar:?]
	at knot/net.caffeinemc.mods.sodium.client.render.SodiumWorldRenderer.setupTerrain(SodiumWorldRenderer.java:237) ~[sodium-fabric-0.6.13+mc1.21.1.jar:?]
	at knot/net.minecraft.class_761.method_3273(class_761.java:15785) ~[client-intermediary.jar:?]
	at knot/net.minecraft.class_761.method_22710(class_761.java:983) ~[client-intermediary.jar:?]
	at knot/net.minecraft.class_757.method_3188(class_757.java:1087) ~[client-intermediary.jar:?]
	at knot/net.minecraft.class_757.method_3192(class_757.java:850) ~[client-intermediary.jar:?]
	at knot/net.minecraft.class_310.method_1523(class_310.java:1285) ~[client-intermediary.jar:?]
	at knot/net.minecraft.class_310.method_1514(class_310.java:882) [client-intermediary.jar:?]
	at knot/net.minecraft.client.main.Main.main(Main.java:256) [client-intermediary.jar:?]
	at net.fabricmc.loader.impl.game.minecraft.MinecraftGameProvider.launch(MinecraftGameProvider.java:514) [fabric-loader-0.19.3.jar:?]
	at net.fabricmc.loader.impl.launch.knot.Knot.launch(Knot.java:72) [fabric-loader-0.19.3.jar:?]
	at net.fabricmc.loader.impl.launch.knot.KnotClient.main(KnotClient.java:23) [fabric-loader-0.19.3.jar:?]
Caused by: java.lang.NoSuchMethodError: 'net.caffeinemc.mods.sodium.client.gui.SodiumOptions net.caffeinemc.mods.sodium.client.SodiumClientMod.options()'
	at knot/ca.fxco.moreculling.utils.CullingUtils.areLeavesOpaque(CullingUtils.java:93) ~[moreculling-fabric-1.21.1-1.0.8.jar:?]
	at knot/net.minecraft.class_2397.method_9522(class_2397.java:1038) ~[client-intermediary.jar:?]
	at knot/net.minecraft.class_4970$class_4971.method_26187(class_4970.java:1050) ~[client-intermediary.jar:?]
	at knot/ca.fxco.moreculling.utils.CullingUtils.shouldDrawSideCulling(CullingUtils.java:37) ~[moreculling-fabric-1.21.1-1.0.8.jar:?]
	at knot/net.caffeinemc.mods.sodium.client.render.chunk.compile.pipeline.BlockOcclusionCache.handler$egg000$moreculling$useMoreCulling(BlockOcclusionCache.java:541) ~[sodium-fabric-0.6.13+mc1.21.1.jar:?]
	at knot/net.caffeinemc.mods.sodium.client.render.chunk.compile.pipeline.BlockOcclusionCache.shouldDrawSide(BlockOcclusionCache.java:44) ~[sodium-fabric-0.6.13+mc1.21.1.jar:?]
	at knot/net.caffeinemc.mods.sodium.client.render.frapi.render.AbstractBlockRenderContext.isFaceCulled(AbstractBlockRenderContext.java:145) ~[sodium-fabric-0.6.13+mc1.21.1.jar:?]
	at knot/me.pepperbell.continuity.client.model.EmissiveBakedModel$EmissiveBlockQuadTransform.transform(EmissiveBakedModel.java:136) ~[continuity-3.0.0+1.21.jar:?]
	at knot/net.caffeinemc.mods.sodium.client.render.frapi.render.AbstractRenderContext.transform(AbstractRenderContext.java:47) ~[sodium-fabric-0.6.13+mc1.21.1.jar:?]
	at knot/net.caffeinemc.mods.sodium.client.render.frapi.render.AbstractBlockRenderContext.renderQuad(AbstractBlockRenderContext.java:172) ~[sodium-fabric-0.6.13+mc1.21.1.jar:?]
	at knot/net.caffeinemc.mods.sodium.client.render.frapi.render.AbstractBlockRenderContext.bufferDefaultModel(AbstractBlockRenderContext.java:256) ~[sodium-fabric-0.6.13+mc1.21.1.jar:?]
	at knot/net.minecraft.class_1087.emitBlockQuads(class_1087.java:1521) ~[client-intermediary.jar:?]
	at knot/net.fabricmc.fabric.api.renderer.v1.model.ForwardingBakedModel.emitBlockQuads(ForwardingBakedModel.java:58) ~[fabric-renderer-api-v1-3.4.1+b4d813fc19-62f686431be9201e.jar:?]
	at knot/me.pepperbell.continuity.client.model.EmissiveBakedModel.emitBlockQuads(EmissiveBakedModel.java:64) ~[continuity-3.0.0+1.21.jar:?]
	at knot/net.fabricmc.fabric.api.renderer.v1.model.ForwardingBakedModel.emitBlockQuads(ForwardingBakedModel.java:58) ~[fabric-renderer-api-v1-3.4.1+b4d813fc19-62f686431be9201e.jar:?]
	at knot/me.pepperbell.continuity.client.model.EmissiveBakedModel.emitBlockQuads(EmissiveBakedModel.java:72) ~[continuity-3.0.0+1.21.jar:?]
	at knot/net.caffeinemc.mods.sodium.client.render.chunk.compile.pipeline.BlockRenderer.renderModel(BlockRenderer.java:119) ~[sodium-fabric-0.6.13+mc1.21.1.jar:?]
	at knot/net.caffeinemc.mods.sodium.client.render.chunk.compile.tasks.ChunkBuilderMeshingTask.execute(ChunkBuilderMeshingTask.java:112) ~[sodium-fabric-0.6.13+mc1.21.1.jar:?]
	at knot/net.caffeinemc.mods.sodium.client.render.chunk.compile.tasks.ChunkBuilderMeshingTask.execute(ChunkBuilderMeshingTask.java:50) ~[sodium-fabric-0.6.13+mc1.21.1.jar:?]
	at knot/net.caffeinemc.mods.sodium.client.render.chunk.compile.executor.ChunkJobTyped.execute(ChunkJobTyped.java:45) ~[sodium-fabric-0.6.13+mc1.21.1.jar:?]
	at knot/net.caffeinemc.mods.sodium.client.render.chunk.compile.executor.ChunkBuilder$WorkerRunnable.run(ChunkBuilder.java:213) ~[sodium-fabric-0.6.13+mc1.21.1.jar:?]
	at java.base/java.lang.Thread.run(Thread.java:1583) ~[?:?]
[20:36:00] [Render thread/INFO]: [EMI] Disconnecting from server, EMI data cleared
[20:36:00] [Thread-28/INFO]: [EMI] Clearing data
[20:36:00] [Render thread/INFO]: Stopping worker threads
[20:36:01] [Render thread/INFO]: [FastQuit] Exiting FastQuit.
